observation_id,photo_id,license_code,square_url,medium_url,large_url,original_url,scientific_name,common_name,taxon_rank,ob_license_code,quality_grade,uri,pred_prey,special_type_of_feeding,taxon_kingdom,taxon_phylum,taxon_class,taxon_order,taxon_family,taxon_genus,taxon_species,image_key,grounding_dino_prompt
341194952,621071156,cc-by,https://inaturalist-open-data.s3.amazonaws.com/photos/621071156/square.jpg,https://inaturalist-open-data.s3.amazonaws.com/photos/621071156/medium.jpg,https://inaturalist-open-data.s3.amazonaws.com/photos/621071156/large.jpg,https://inaturalist-open-data.s3.amazonaws.com/photos/621071156/original.jpg,Ardea alba,Great Egret,species,cc-by,research,https://www.inaturalist.org/observations/341194952,eater,"No, none of these",Animalia,Chordata,Aves,Pelecaniformes,Ardeidae,Ardea,Ardea alba,obs_341194952_photo_621071156,white bird with long legs.
341067936,620805844,cc-by-nc,https://inaturalist-open-data.s3.amazonaws.com/photos/620805844/square.jpg,https://inaturalist-open-data.s3.amazonaws.com/photos/620805844/medium.jpg,https://inaturalist-open-data.s3.amazonaws.com/photos/620805844/large.jpg,https://inaturalist-open-data.s3.amazonaws.com/photos/620805844/original.jpg,Apis mellifera,Western Honey Bee,species,cc-by-nc,research,https://www.inaturalist.org/observations/341067936,eater,Pollination,Animalia,Arthropoda,Insecta,Hymenoptera,Apidae,Apis,Apis mellifera,obs_341067936_photo_620805844,yellow and black striped insect with six legs.
341060278,547585371,cc-by-nc,https://inaturalist-open-data.s3.amazonaws.com/photos/547585371/square.jpg,https://inaturalist-open-data.s3.amazonaws.com/photos/547585371/medium.jpg,https://inaturalist-open-data.s3.amazonaws.com/photos/547585371/large.jpg,https://inaturalist-open-data.s3.amazonaws.com/photos/547585371/original.jpg,Chamaenerion angustifolium,fireweed,species,cc-by-nc,research,https://www.inaturalist.org/observations/341060278,organism being eaten,Pollination,Plantae,Tracheophyta,Magnoliopsida,Myrtales,Onagraceae,Chamaenerion,Chamaenerion angustifolium,obs_341060278_photo_547585371,purple flower with drooping petals.
340848746,620355031,cc0,https://inaturalist-open-data.s3.amazonaws.com/photos/620355031/square.jpg,https://inaturalist-open-data.s3.amazonaws.com/photos/620355031/medium.jpg,https://inaturalist-open-data.s3.amazonaws.com/photos/620355031/large.jpg,https://inaturalist-open-data.s3.amazonaws.com/photos/620355031/original.jpg,Tetraleurodes perileuca,Stanford's Whitefly,species,cc-by,research,https://www.inaturalist.org/observations/340848746,eater,Parasitism,Animalia,Arthropoda,Insecta,Hemiptera,Aleyrodidae,Tetraleurodes,Tetraleurodes perileuca,obs_340848746_photo_620355031,small white insect with yellow markings.
340848514,620354575,cc0,https://inaturalist-open-data.s3.amazonaws.com/photos/620354575/square.jpg,https://inaturalist-open-data.s3.amazonaws.com/photos/620354575/medium.jpg,https://inaturalist-open-data.s3.amazonaws.com/photos/620354575/large.jpg,https://inaturalist-open-data.s3.amazonaws.com/photos/620354575/original.jpg,Paraleyrodes minei,Nesting Whitefly,species,cc-by,research,https://www.inaturalist.org/observations/340848514,eater,Parasitism,Animalia,Arthropoda,Insecta,Hemiptera,Aleyrodidae,Paraleyrodes,Paraleyrodes minei,obs_340848514_photo_620354575,small white insect with wings.
340848497,620354560,cc0,https://inaturalist-open-data.s3.amazonaws.com/photos/620354560/square.jpg,https://inaturalist-open-data.s3.amazonaws.com/photos/620354560/medium.jpg,https://inaturalist-open-data.s3.amazonaws.com/photos/620354560/large.jpg,https://inaturalist-open-data.s3.amazonaws.com/photos/620354560/original.jpg,Aleuroplatus coronata,Crown Whitefly,species,cc-by,research,https://www.inaturalist.org/observations/340848497,eater,Parasitism,Animalia,Arthropoda,Insecta,Hemiptera,Aleyrodidae,Aleuroplatus,Aleuroplatus coronata,obs_340848497_photo_620354560,small white insect with long antennae.
340825934,620308797,cc-by,https://inaturalist-open-data.s3.amazonaws.com/photos/620308797/square.jpg,https://inaturalist-open-data.s3.amazonaws.com/photos/620308797/medium.jpg,https://inaturalist-open-data.s3.amazonaws.com/photos/620308797/large.jpg,https://inaturalist-open-data.s3.amazonaws.com/photos/620308797/original.jpg,Guira guira,Guira Cuckoo,species,cc-by,research,https://www.inaturalist.org/observations/340825934,eater,"No, none of these",Animalia,Chordata,Aves,Cuculiformes,Cuculidae,Guira,Guira guira,obs_340825934_photo_620308797,black bird with long tail and white stripes.
340542613,619737737,cc-by-nc,https://inaturalist-open-data.s3.amazonaws.com/photos/619737737/square.jpg,https://inaturalist-open-data.s3.amazonaws.com/photos/619737737/medium.jpg,https://inaturalist-open-data.s3.amazonaws.com/photos/619737737/large.jpg,https://inaturalist-open-data.s3.amazonaws.com/photos/619737737/original.jpg,Astur cooperii,Cooper's Hawk,species,cc-by-nc,research,https://www.inaturalist.org/observations/340542613,eater,"No, none of these",Animalia,Chordata,Aves,Accipitriformes,Accipitridae,Astur,Astur cooperii,obs_340542613_photo_619737737,medium-sized bird of prey with brown back and white underside.
340514310,619679014,cc-by-nc,https://inaturalist-open-data.s3.amazonaws.com/photos/619679014/square.jpg,https://inaturalist-open-data.s3.amazonaws.com/photos/619679014/medium.jpg,https://inaturalist-open-data.s3.amazonaws.com/photos/619679014/large.jpg,https://inaturalist-open-data.s3.amazonaws.com/photos/619679014/original.jpg,Sciurus carolinensis,Eastern Gray Squirrel,species,cc-by-nc,research,https://www.inaturalist.org/observations/340514310,organism being eaten,"No, none of these",Animalia,Chordata,Mammalia,Rodentia,Sciuridae,Sciurus,Sciurus carolinensis,obs_340514310_photo_619679014,gray squirrel with bushy tail.
340514309,619678757,cc-by-nc,https://inaturalist-open-data.s3.amazonaws.com/photos/619678757/square.jpg,https://inaturalist-open-data.s3.amazonaws.com/photos/619678757/medium.jpg,https://inaturalist-open-data.s3.amazonaws.com/photos/619678757/large.jpg,https://inaturalist-open-data.s3.amazonaws.com/photos/619678757/original.jpg,Buteo jamaicensis,Red-tailed Hawk,species,cc-by-nc,research,https://www.inaturalist.org/observations/340514309,eater,"No, none of these",Animalia,Chordata,Aves,Accipitriformes,Accipitridae,Buteo,Buteo jamaicensis,obs_340514309_photo_619678757,brown bird with broad wings and long tail.
340433312,619519266,cc-by-nc,https://inaturalist-open-data.s3.amazonaws.com/photos/619519266/square.jpg,https://inaturalist-open-data.s3.amazonaws.com/photos/619519266/medium.jpg,https://inaturalist-open-data.s3.amazonaws.com/photos/619519266/large.jpg,https://inaturalist-open-data.s3.amazonaws.com/photos/619519266/original.jpg,Limnodynastes peronii,Striped Marsh Frog,species,cc-by-nc,research,https://www.inaturalist.org/observations/340433312,eater,"No, none of these",Animalia,Chordata,Amphibia,Anura,Limnodynastidae,Limnodynastes,Limnodynastes peronii,obs_340433312_photo_619519266,green frog with yellow stripes.
340368188,619383348,cc-by,https://inaturalist-open-data.s3.amazonaws.com/photos/619383348/square.jpg,https://inaturalist-open-data.s3.amazonaws.com/photos/619383348/medium.jpg,https://inaturalist-open-data.s3.amazonaws.com/photos/619383348/large.jpg,https://inaturalist-open-data.s3.amazonaws.com/photos/619383348/original.jpg,Diplolepis rosae,Mossy Rose Gall Wasp,species,cc-by,research,https://www.inaturalist.org/observations/340368188,eater,Parasitism,Animalia,Arthropoda,Insecta,Hymenoptera,Diplolepididae,Diplolepis,Diplolepis rosae,obs_340368188_photo_619383348,small wasp with yellow and black body.
340364592,619375042,cc-by-nc,https://inaturalist-open-data.s3.amazonaws.com/photos/619375042/square.jpg,https://inaturalist-open-data.s3.amazonaws.com/photos/619375042/medium.jpg,https://inaturalist-open-data.s3.amazonaws.com/photos/619375042/large.jpg,https://inaturalist-open-data.s3.amazonaws.com/photos/619375042/original.jpg,Aquarius najas,River Skater,species,cc-by-nc,research,https://www.inaturalist.org/observations/340364592,eater,"No, none of these",Animalia,Arthropoda,Insecta,Hemiptera,Gerridae,Aquarius,Aquarius najas,obs_340364592_photo_619375042,brown insect with long body and narrow head.
340337865,533753896,cc-by-nc,https://inaturalist-open-data.s3.amazonaws.com/photos/533753896/square.jpg,https://inaturalist-open-data.s3.amazonaws.com/photos/533753896/medium.jpg,https://inaturalist-open-data.s3.amazonaws.com/photos/533753896/large.jpg,https://inaturalist-open-data.s3.amazonaws.com/photos/533753896/original.jpg,Vicia cracca,tufted vetch,species,cc-by-nc,research,https://www.inaturalist.org/observations/340337865,organism being eaten,Pollination,Plantae,Tracheophyta,Magnoliopsida,Fabales,Fabaceae,Vicia,Vicia cracca,obs_340337865_photo_533753896,"purple flower with long, thin seed pods."
340337296,536341964,cc-by-nc,https://inaturalist-open-data.s3.amazonaws.com/photos/536341964/square.jpg,https://inaturalist-open-data.s3.amazonaws.com/photos/536341964/medium.jpg,https://inaturalist-open-data.s3.amazonaws.com/photos/536341964/large.jpg,https://inaturalist-open-data.s3.amazonaws.com/photos/536341964/original.jpg,Lotus corniculatus,bird's-foot trefoil,species,cc-by-nc,research,https://www.inaturalist.org/observations/340337296,organism being eaten,Pollination,Plantae,Tracheophyta,Magnoliopsida,Fabales,Fabaceae,Lotus,Lotus corniculatus,obs_340337296_photo_536341964,yellow flower with five petals.
340326194,619295158,cc-by-nc,https://inaturalist-open-data.s3.amazonaws.com/photos/619295158/square.jpg,https://inaturalist-open-data.s3.amazonaws.com/photos/619295158/medium.jpg,https://inaturalist-open-data.s3.amazonaws.com/photos/619295158/large.jpg,https://inaturalist-open-data.s3.amazonaws.com/photos/619295158/original.jpg,Pseudocercospora fuliginosa,0,species,cc-by-nc,research,https://www.inaturalist.org/observations/340326194,eater,Parasitism,Fungi,Ascomycota,Dothideomycetes,Mycosphaerellales,Mycosphaerellaceae,Pseudocercospora,Pseudocercospora fuliginosa,obs_340326194_photo_619295158,black fungus with powdery spores.
340326193,619295159,cc-by-nc,https://inaturalist-open-data.s3.amazonaws.com/photos/619295159/square.jpg,https://inaturalist-open-data.s3.amazonaws.com/photos/619295159/medium.jpg,https://inaturalist-open-data.s3.amazonaws.com/photos/619295159/large.jpg,https://inaturalist-open-data.s3.amazonaws.com/photos/619295159/original.jpg,Diospyros virginiana,American persimmon,species,cc-by-nc,research,https://www.inaturalist.org/observations/340326193,organism being eaten,Parasitism,Plantae,Tracheophyta,Magnoliopsida,Ericales,Ebenaceae,Diospyros,Diospyros virginiana,obs_340326193_photo_619295159,green fruit with four leaflets.
340304697,619256274,cc-by-nc,https://inaturalist-open-data.s3.amazonaws.com/photos/619256274/square.jpg,https://inaturalist-open-data.s3.amazonaws.com/photos/619256274/medium.jpg,https://inaturalist-open-data.s3.amazonaws.com/photos/619256274/large.jpg,https://inaturalist-open-data.s3.amazonaws.com/photos/619256274/original.jpg,Haemopis grandis,0,species,cc-by-nc,research,https://www.inaturalist.org/observations/340304697,eater,"No, none of these",Animalia,Annelida,Clitellata,Arhynchobdellida,Haemopidae,Haemopis,Haemopis grandis,obs_340304697_photo_619256274,long segmented worm with red body.
340271186,619190124,cc0,https://inaturalist-open-data.s3.amazonaws.com/photos/619190124/square.jpg,https://inaturalist-open-data.s3.amazonaws.com/photos/619190124/medium.jpg,https://inaturalist-open-data.s3.amazonaws.com/photos/619190124/large.jpg,https://inaturalist-open-data.s3.amazonaws.com/photos/619190124/original.jpg,Baccharis pilularis,coyote brush,species,cc-by,research,https://www.inaturalist.org/observations/340271186,organism being eaten,Parasitism,Plantae,Tracheophyta,Magnoliopsida,Asterales,Asteraceae,Baccharis,Baccharis pilularis,obs_340271186_photo_619190124,yellow shrub with small white flowers.
340263466,619175705,cc-by-nc,https://inaturalist-open-data.s3.amazonaws.com/photos/619175705/square.jpg,https://inaturalist-open-data.s3.amazonaws.com/photos/619175705/medium.jpg,https://inaturalist-open-data.s3.amazonaws.com/photos/619175705/large.jpg,https://inaturalist-open-data.s3.amazonaws.com/photos/619175705/original.jpg,Cirsium ehrenbergii,red thistle,species,cc-by-nc,research,https://www.inaturalist.org/observations/340263466,organism being eaten,Pollination,Plantae,Tracheophyta,Magnoliopsida,Asterales,Asteraceae,Cirsium,Cirsium ehrenbergii,obs_340263466_photo_619175705,prickly purple flower with thistle-like shape.
339993526,618618071,cc-by-nc,https://inaturalist-open-data.s3.amazonaws.com/photos/618618071/square.jpg,https://inaturalist-open-data.s3.amazonaws.com/photos/618618071/medium.jpg,https://inaturalist-open-data.s3.amazonaws.com/photos/618618071/large.jpg,https://inaturalist-open-data.s3.amazonaws.com/photos/618618071/original.jpg,Evasterias troschelii,Mottled Star,species,cc-by-nc,research,https://www.inaturalist.org/observations/339993526,organism being eaten,"No, none of these",Animalia,Echinodermata,Asteroidea,Forcipulatida,Asteriidae,Evasterias,Evasterias troschelii,obs_339993526_photo_618618071,five-armed starfish with mottled brown color.
338486970,615576074,cc-by-nc,https://inaturalist-open-data.s3.amazonaws.com/photos/615576074/square.jpg,https://inaturalist-open-data.s3.amazonaws.com/photos/615576074/medium.jpg,https://inaturalist-open-data.s3.amazonaws.com/photos/615576074/large.jpg,https://inaturalist-open-data.s3.amazonaws.com/photos/615576074/original.jpg,Spisula solidissima,West Atlantic Surfclam,species,cc0,research,https://www.inaturalist.org/observations/338486970,organism being eaten,"No, none of these",Animalia,Mollusca,Bivalvia,Venerida,Mactridae,Spisula,Spisula solidissima,obs_338486970_photo_615576074,large clam with two hinged shells.
338007030,614585734,cc-by-nc,https://inaturalist-open-data.s3.amazonaws.com/photos/614585734/square.jpg,https://inaturalist-open-data.s3.amazonaws.com/photos/614585734/medium.jpg,https://inaturalist-open-data.s3.amazonaws.com/photos/614585734/large.jpg,https://inaturalist-open-data.s3.amazonaws.com/photos/614585734/original.jpg,Eobania vermiculata,Chocolate-band Snail,species,cc-by,research,https://www.inaturalist.org/observations/338007030,eater,"No, none of these",Animalia,Mollusca,Gastropoda,Stylommatophora,Helicidae,Eobania,Eobania vermiculata,obs_338007030_photo_614585734,brown snail with yellow band.
337610714,613769638,cc-by,https://inaturalist-open-data.s3.amazonaws.com/photos/613769638/square.jpg,https://inaturalist-open-data.s3.amazonaws.com/photos/613769638/medium.jpg,https://inaturalist-open-data.s3.amazonaws.com/photos/613769638/large.jpg,https://inaturalist-open-data.s3.amazonaws.com/photos/613769638/original.jpg,Erysiphe parvula,0,species,cc-by,research,https://www.inaturalist.org/observations/337610714,eater,Parasitism,Fungi,Ascomycota,Leotiomycetes,Helotiales,Erysiphaceae,Erysiphe,Erysiphe parvula,obs_337610714_photo_613769638,white powdery fungus on plant leaves.
337610708,613769550,cc-by,https://inaturalist-open-data.s3.amazonaws.com/photos/613769550/square.jpg,https://inaturalist-open-data.s3.amazonaws.com/photos/613769550/medium.jpg,https://inaturalist-open-data.s3.amazonaws.com/photos/613769550/large.jpg,https://inaturalist-open-data.s3.amazonaws.com/photos/613769550/original.jpg,Golovinomyces bolayi,0,species,cc-by,research,https://www.inaturalist.org/observations/337610708,eater,Parasitism,Fungi,Ascomycota,Leotiomycetes,Helotiales,Erysiphaceae,Golovinomyces,Golovinomyces bolayi,obs_337610708_photo_613769550,white powdery growth on plant leaves.
337606242,613762919,cc-by,https://inaturalist-open-data.s3.amazonaws.com/photos/613762919/square.jpg,https://inaturalist-open-data.s3.amazonaws.com/photos/613762919/medium.jpg,https://inaturalist-open-data.s3.amazonaws.com/photos/613762919/large.jpg,https://inaturalist-open-data.s3.amazonaws.com/photos/613762919/original.jpg,Puccinia polygoni-amphibii,0,species,cc-by,research,https://www.inaturalist.org/observations/337606242,eater,Parasitism,Fungi,Basidiomycota,Pucciniomycetes,Pucciniales,Pucciniaceae,Puccinia,Puccinia polygoni-amphibii,obs_337606242_photo_613762919,yellow spores on plant leaf.
337600645,614526508,cc-by-nc,https://inaturalist-open-data.s3.amazonaws.com/photos/614526508/square.jpg,https://inaturalist-open-data.s3.amazonaws.com/photos/614526508/medium.jpg,https://inaturalist-open-data.s3.amazonaws.com/photos/614526508/large.jpg,https://inaturalist-open-data.s3.amazonaws.com/photos/614526508/original.jpg,Strongylocentrotus purpuratus,Pacific Purple Sea Urchin,species,cc-by-nc,research,https://www.inaturalist.org/observations/337600645,organism being eaten,"No, none of these",Animalia,Echinodermata,Echinoidea,Camarodonta,Strongylocentrotidae,Strongylocentrotus,Strongylocentrotus purpuratus,obs_337600645_photo_614526508,purple sea urchin with spines.
337063055,612648507,cc-by-nc,https://inaturalist-open-data.s3.amazonaws.com/photos/612648507/square.jpg,https://inaturalist-open-data.s3.amazonaws.com/photos/612648507/medium.jpg,https://inaturalist-open-data.s3.amazonaws.com/photos/612648507/large.jpg,https://inaturalist-open-data.s3.amazonaws.com/photos/612648507/original.jpg,Charonia tritonis,Giant Triton Snail,species,cc-by-nc,research,https://www.inaturalist.org/observations/337063055,eater,"No, none of these",Animalia,Mollusca,Gastropoda,Littorinimorpha,Charoniidae,Charonia,Charonia tritonis,obs_337063055_photo_612648507,large sea snail with spiral shell.
336269939,611037472,cc-by-sa,https://inaturalist-open-data.s3.amazonaws.com/photos/611037472/square.jpg,https://inaturalist-open-data.s3.amazonaws.com/photos/611037472/medium.jpg,https://inaturalist-open-data.s3.amazonaws.com/photos/611037472/large.jpg,https://inaturalist-open-data.s3.amazonaws.com/photos/611037472/original.jpg,Peripatoides novaezealandiae,New Zealand peripatus,species,cc-by-sa,research,https://www.inaturalist.org/observations/336269939,eater,"No, none of these",Animalia,Onychophora,0,0,Peripatopsidae,Peripatoides,Peripatoides novaezealandiae,obs_336269939_photo_611037472,"brown, worm-like animal with many legs."
334758419,607987821,cc-by-nc,https://inaturalist-open-data.s3.amazonaws.com/photos/607987821/square.jpg,https://inaturalist-open-data.s3.amazonaws.com/photos/607987821/medium.jpg,https://inaturalist-open-data.s3.amazonaws.com/photos/607987821/large.jpg,https://inaturalist-open-data.s3.amazonaws.com/photos/607987821/original.jpg,Illosporiopsis christiansenii,0,species,cc-by-nc,research,https://www.inaturalist.org/observations/334758419,eater,Parasitism,Fungi,Ascomycota,Sordariomycetes,Hypocreales,0,Illosporiopsis,Illosporiopsis christiansenii,obs_334758419_photo_607987821,black fungus with white spores.
334025380,606497684,cc-by-nc,https://inaturalist-open-data.s3.amazonaws.com/photos/606497684/square.jpg,https://inaturalist-open-data.s3.amazonaws.com/photos/606497684/medium.jpg,https://inaturalist-open-data.s3.amazonaws.com/photos/606497684/large.jpg,https://inaturalist-open-data.s3.amazonaws.com/photos/606497684/original.jpg,Cryptomarasmius corbariensis,Oliveleaf Crypto,species,cc-by-nc,research,https://www.inaturalist.org/observations/334025380,eater,Scavenging or Decomposition,Fungi,Basidiomycota,Agaricomycetes,Agaricales,Physalacriaceae,Cryptomarasmius,Cryptomarasmius corbariensis,obs_334025380_photo_606497684,brown mushroom with olive green cap.
333664707,605748155,cc-by-nc,https://inaturalist-open-data.s3.amazonaws.com/photos/605748155/square.jpg,https://inaturalist-open-data.s3.amazonaws.com/photos/605748155/medium.jpg,https://inaturalist-open-data.s3.amazonaws.com/photos/605748155/large.jpg,https://inaturalist-open-data.s3.amazonaws.com/photos/605748155/original.jpg,Aeolidia loui,Warty Shag-rug Nudibranch,species,cc-by-nc,research,https://www.inaturalist.org/observations/333664707,eater,"No, none of these",Animalia,Mollusca,Gastropoda,Nudibranchia,Aeolidiidae,Aeolidia,Aeolidia loui,obs_333664707_photo_605748155,colorful sea slug with warty body.
333144263,501540234,cc-by-nc,https://inaturalist-open-data.s3.amazonaws.com/photos/501540234/square.jpeg,https://inaturalist-open-data.s3.amazonaws.com/photos/501540234/medium.jpeg,https://inaturalist-open-data.s3.amazonaws.com/photos/501540234/large.jpeg,https://inaturalist-open-data.s3.amazonaws.com/photos/501540234/original.jpeg,Erythricium aurantiacum,0,species,cc-by-nc,research,https://www.inaturalist.org/observations/333144263,eater,Parasitism,Fungi,Basidiomycota,Agaricomycetes,Corticiales,Corticiaceae,Erythricium,Erythricium aurantiacum,obs_333144263_photo_501540234,orange mushroom with wavy edges.
332241462,602909620,cc-by-nc-nd,https://inaturalist-open-data.s3.amazonaws.com/photos/602909620/square.jpg,https://inaturalist-open-data.s3.amazonaws.com/photos/602909620/medium.jpg,https://inaturalist-open-data.s3.amazonaws.com/photos/602909620/large.jpg,https://inaturalist-open-data.s3.amazonaws.com/photos/602909620/original.jpg,Ariolimax buttoni,Button's Banana Slug,species,cc-by-nc,research,https://www.inaturalist.org/observations/332241462,eater,Scavenging or Decomposition,Animalia,Mollusca,Gastropoda,Stylommatophora,Ariolimacidae,Ariolimax,Ariolimax buttoni,obs_332241462_photo_602909620,"large, slimy, brown gastropod with distinctive keel."
331831594,602051260,cc-by,https://inaturalist-open-data.s3.amazonaws.com/photos/602051260/square.jpg,https://inaturalist-open-data.s3.amazonaws.com/photos/602051260/medium.jpg,https://inaturalist-open-data.s3.amazonaws.com/photos/602051260/large.jpg,https://inaturalist-open-data.s3.amazonaws.com/photos/602051260/original.jpg,Caulorhiza umbonata,Redwood Rooter,species,cc-by,research,https://www.inaturalist.org/observations/331831594,organism being eaten,"No, none of these",Fungi,Basidiomycota,Agaricomycetes,Agaricales,0,Caulorhiza,Caulorhiza umbonata,obs_331831594_photo_602051260,red mushroom with yellow cap and white gills.
331752340,601901044,cc-by-nc,https://inaturalist-open-data.s3.amazonaws.com/photos/601901044/square.jpg,https://inaturalist-open-data.s3.amazonaws.com/photos/601901044/medium.jpg,https://inaturalist-open-data.s3.amazonaws.com/photos/601901044/large.jpg,https://inaturalist-open-data.s3.amazonaws.com/photos/601901044/original.jpg,Phyllosticta asiminae,0,species,cc-by-nc,research,https://www.inaturalist.org/observations/331752340,eater,Parasitism,Fungi,Ascomycota,Dothideomycetes,Botryosphaeriales,Phyllostictaceae,Phyllosticta,Phyllosticta asiminae,obs_331752340_photo_601901044,"small, black fungus with powdery spores."
327076113,592488640,cc-by-nc,https://inaturalist-open-data.s3.amazonaws.com/photos/592488640/square.jpg,https://inaturalist-open-data.s3.amazonaws.com/photos/592488640/medium.jpg,https://inaturalist-open-data.s3.amazonaws.com/photos/592488640/large.jpg,https://inaturalist-open-data.s3.amazonaws.com/photos/592488640/original.jpg,Anthopleura artemisia,Moonglow Anemone,species,cc-by-nc,research,https://www.inaturalist.org/observations/327076113,eater,"No, none of these",Animalia,Cnidaria,Anthozoa,Actiniaria,Actiniidae,Anthopleura,Anthopleura artemisia,obs_327076113_photo_592488640,red or green sea anemone with long tentacles.
326876805,592092171,cc-by-nc,https://inaturalist-open-data.s3.amazonaws.com/photos/592092171/square.jpg,https://inaturalist-open-data.s3.amazonaws.com/photos/592092171/medium.jpg,https://inaturalist-open-data.s3.amazonaws.com/photos/592092171/large.jpg,https://inaturalist-open-data.s3.amazonaws.com/photos/592092171/original.jpg,Rhytisma acerinum,Black Tar Spot,species,cc-by-nc,research,https://www.inaturalist.org/observations/326876805,eater,Parasitism,Fungi,Ascomycota,Leotiomycetes,Rhytismatales,Rhytismataceae,Rhytisma,Rhytisma acerinum,obs_326876805_photo_592092171,black fungus with tar-like spots.
325625055,589595206,cc-by-nc,https://inaturalist-open-data.s3.amazonaws.com/photos/589595206/square.jpg,https://inaturalist-open-data.s3.amazonaws.com/photos/589595206/medium.jpg,https://inaturalist-open-data.s3.amazonaws.com/photos/589595206/large.jpg,https://inaturalist-open-data.s3.amazonaws.com/photos/589595206/original.jpg,Mycocentrospora asiminae,0,species,cc0,research,https://www.inaturalist.org/observations/325625055,eater,Parasitism,Fungi,Ascomycota,Dothideomycetes,Pleosporales,Dothidotthiaceae,Mycocentrospora,Mycocentrospora asiminae,obs_325625055_photo_589595206,black fungus with powdery spores.
325267824,588882003,cc-by-nc,https://inaturalist-open-data.s3.amazonaws.com/photos/588882003/square.jpg,https://inaturalist-open-data.s3.amazonaws.com/photos/588882003/medium.jpg,https://inaturalist-open-data.s3.amazonaws.com/photos/588882003/large.jpg,https://inaturalist-open-data.s3.amazonaws.com/photos/588882003/original.jpg,Iflavirus dinococcinellae,Dinocampus coccinellae paralysis virus,species,cc-by-nc,research,https://www.inaturalist.org/observations/325267824,eater,Parasitism,Viruses,Pisuviricota,Pisoniviricetes,Picornavirales,Iflaviridae,Iflavirus,Iflavirus dinococcinellae,obs_325267824_photo_588882003,viruses with small size and circular shape.
323944435,586236533,cc-by-nc,https://inaturalist-open-data.s3.amazonaws.com/photos/586236533/square.jpg,https://inaturalist-open-data.s3.amazonaws.com/photos/586236533/medium.jpg,https://inaturalist-open-data.s3.amazonaws.com/photos/586236533/large.jpg,https://inaturalist-open-data.s3.amazonaws.com/photos/586236533/original.jpg,Gymnosporangium juniperi-virginianae,Cedar-apple rust,species,cc-by-nc,research,https://www.inaturalist.org/observations/323944435,eater,Parasitism,Fungi,Basidiomycota,Pucciniomycetes,Pucciniales,Gymnosporangiaceae,Gymnosporangium,Gymnosporangium juniperi-virginianae,obs_323944435_photo_586236533,yellow or orange spores on juniper or apple.
321389820,581234419,cc-by,https://inaturalist-open-data.s3.amazonaws.com/photos/581234419/square.jpg,https://inaturalist-open-data.s3.amazonaws.com/photos/581234419/medium.jpg,https://inaturalist-open-data.s3.amazonaws.com/photos/581234419/large.jpg,https://inaturalist-open-data.s3.amazonaws.com/photos/581234419/original.jpg,Echinus esculentus,European Edible Sea Urchin,species,cc-by,research,https://www.inaturalist.org/observations/321389820,organism being eaten,"No, none of these",Animalia,Echinodermata,Echinoidea,Camarodonta,Echinidae,Echinus,Echinus esculentus,obs_321389820_photo_581234419,"round, spiny sea creature with five-part body."
319669394,577875426,cc-by-nc,https://inaturalist-open-data.s3.amazonaws.com/photos/577875426/square.jpg,https://inaturalist-open-data.s3.amazonaws.com/photos/577875426/medium.jpg,https://inaturalist-open-data.s3.amazonaws.com/photos/577875426/large.jpg,https://inaturalist-open-data.s3.amazonaws.com/photos/577875426/original.jpg,Coleosporium ipomoeae,0,species,cc-by-nc,research,https://www.inaturalist.org/observations/319669394,organism being eaten,"No, none of these",Fungi,Basidiomycota,Pucciniomycetes,Pucciniales,Coleosporiaceae,Coleosporium,Coleosporium ipomoeae,obs_319669394_photo_577875426,yellowish brown leaf spot with powdery growth.
318533969,575706140,cc0,https://inaturalist-open-data.s3.amazonaws.com/photos/575706140/square.jpg,https://inaturalist-open-data.s3.amazonaws.com/photos/575706140/medium.jpg,https://inaturalist-open-data.s3.amazonaws.com/photos/575706140/large.jpg,https://inaturalist-open-data.s3.amazonaws.com/photos/575706140/original.jpg,Phylloporia amplectens,Pawpaw Polypore,species,cc0,research,https://www.inaturalist.org/observations/318533969,eater,Parasitism,Fungi,Basidiomycota,Agaricomycetes,Hymenochaetales,Hymenochaetaceae,Phylloporia,Phylloporia amplectens,obs_318533969_photo_575706140,brown mushroom with white pores.
318344322,575337712,cc-by,https://inaturalist-open-data.s3.amazonaws.com/photos/575337712/square.jpg,https://inaturalist-open-data.s3.amazonaws.com/photos/575337712/medium.jpg,https://inaturalist-open-data.s3.amazonaws.com/photos/575337712/large.jpg,https://inaturalist-open-data.s3.amazonaws.com/photos/575337712/original.jpg,Mopalia muscosa,Mossy Chiton,species,cc-by,research,https://www.inaturalist.org/observations/318344322,organism being eaten,"No, none of these",Animalia,Mollusca,Polyplacophora,Chitonida,Mopaliidae,Mopalia,Mopalia muscosa,obs_318344322_photo_575337712,brown chiton with multiple shell plates.
302755190,545634287,cc-by-nc,https://inaturalist-open-data.s3.amazonaws.com/photos/545634287/square.jpg,https://inaturalist-open-data.s3.amazonaws.com/photos/545634287/medium.jpg,https://inaturalist-open-data.s3.amazonaws.com/photos/545634287/large.jpg,https://inaturalist-open-data.s3.amazonaws.com/photos/545634287/original.jpg,Wilsoniana amaranthi,0,complex,cc-by-nc,research,https://www.inaturalist.org/observations/302755190,eater,Parasitism,Chromista,Oomycota,Peronosporomycetes,Albuginales,Albuginaceae,Wilsoniana,0,obs_302755190_photo_545634287,yellowish brown oomycete with branching hyphae.
291009479,523542929,cc-by-nc,https://inaturalist-open-data.s3.amazonaws.com/photos/523542929/square.jpg,https://inaturalist-open-data.s3.amazonaws.com/photos/523542929/medium.jpg,https://inaturalist-open-data.s3.amazonaws.com/photos/523542929/large.jpg,https://inaturalist-open-data.s3.amazonaws.com/photos/523542929/original.jpg,Macroperipatus torquatus,0,species,cc-by-nc,research,https://www.inaturalist.org/observations/291009479,eater,"No, none of these",Animalia,Onychophora,0,0,Peripatidae,Macroperipatus,Macroperipatus torquatus,obs_291009479_photo_523542929,segmented worm with many legs.
264953671,475827468,cc-by,https://inaturalist-open-data.s3.amazonaws.com/photos/475827468/square.jpeg,https://inaturalist-open-data.s3.amazonaws.com/photos/475827468/medium.jpeg,https://inaturalist-open-data.s3.amazonaws.com/photos/475827468/large.jpeg,https://inaturalist-open-data.s3.amazonaws.com/photos/475827468/original.jpeg,Peripatopsis orientalis,Eastern Forest velvet worm,species,cc-by,research,https://www.inaturalist.org/observations/264953671,eater,"No, none of these",Animalia,Onychophora,0,0,Peripatopsidae,Peripatopsis,Peripatopsis orientalis,obs_264953671_photo_475827468,segmented worm with many setae.
263836670,474047112,cc-by-nc,https://inaturalist-open-data.s3.amazonaws.com/photos/474047112/square.jpeg,https://inaturalist-open-data.s3.amazonaws.com/photos/474047112/medium.jpeg,https://inaturalist-open-data.s3.amazonaws.com/photos/474047112/large.jpeg,https://inaturalist-open-data.s3.amazonaws.com/photos/474047112/original.jpeg,Pisaster ochraceus,Ochre Sea Star,species,cc-by-nc,research,https://www.inaturalist.org/observations/263836670,organism being eaten,"No, none of these",Animalia,Echinodermata,Asteroidea,Forcipulatida,Asteriidae,Pisaster,Pisaster ochraceus,obs_263836670_photo_474047112,orange starfish with five arms.
258568965,463949088,cc-by-nc,https://inaturalist-open-data.s3.amazonaws.com/photos/463949088/square.jpg,https://inaturalist-open-data.s3.amazonaws.com/photos/463949088/medium.jpg,https://inaturalist-open-data.s3.amazonaws.com/photos/463949088/large.jpg,https://inaturalist-open-data.s3.amazonaws.com/photos/463949088/original.jpg,Reticularia,0,genus,cc-by-nc,research,https://www.inaturalist.org/observations/258568965,organism being eaten,"No, none of these",Protozoa,Mycetozoa,Myxomycetes,Reticulariales,Reticulariaceae,Reticularia,0,obs_258568965_photo_463949088,yellow plasmodial organism with branching tendrils.
256022699,458927175,cc-by-nc,https://inaturalist-open-data.s3.amazonaws.com/photos/458927175/square.jpeg,https://inaturalist-open-data.s3.amazonaws.com/photos/458927175/medium.jpeg,https://inaturalist-open-data.s3.amazonaws.com/photos/458927175/large.jpeg,https://inaturalist-open-data.s3.amazonaws.com/photos/458927175/original.jpeg,Arthrophaga myriapodina,0,species,cc-by-nc,research,https://www.inaturalist.org/observations/256022699,eater,Parasitism,Fungi,Entomophthoromycota,Entomophthoromycetes,Entomophthorales,Entomophthoraceae,Arthrophaga,Arthrophaga myriapodina,obs_256022699_photo_458927175,white fungal growth with insect parasite.
250956763,448935283,cc-by-nc-nd,https://inaturalist-open-data.s3.amazonaws.com/photos/448935283/square.jpg,https://inaturalist-open-data.s3.amazonaws.com/photos/448935283/medium.jpg,https://inaturalist-open-data.s3.amazonaws.com/photos/448935283/large.jpg,https://inaturalist-open-data.s3.amazonaws.com/photos/448935283/original.jpg,Prostheceraeus crozieri,Tiger Flatworm,species,cc-by-nc-sa,research,https://www.inaturalist.org/observations/250956763,eater,"No, none of these",Animalia,Platyhelminthes,0,Polycladida,Euryleptidae,Prostheceraeus,Prostheceraeus crozieri,obs_250956763_photo_448935283,flatworm with yellow body and red spots.
220822650,391000325,cc-by-nc,https://inaturalist-open-data.s3.amazonaws.com/photos/391000325/square.jpeg,https://inaturalist-open-data.s3.amazonaws.com/photos/391000325/medium.jpeg,https://inaturalist-open-data.s3.amazonaws.com/photos/391000325/large.jpeg,https://inaturalist-open-data.s3.amazonaws.com/photos/391000325/original.jpeg,Cucumaria miniata,Orange Sea Cucumber,species,cc-by-nc,research,https://www.inaturalist.org/observations/220822650,organism being eaten,"No, none of these",Animalia,Echinodermata,Holothuroidea,Dendrochirotida,Cucumariidae,Cucumaria,Cucumaria miniata,obs_220822650_photo_391000325,orange sea cucumber with five-part body.
220102252,389649357,cc-by,https://inaturalist-open-data.s3.amazonaws.com/photos/389649357/square.jpeg,https://inaturalist-open-data.s3.amazonaws.com/photos/389649357/medium.jpeg,https://inaturalist-open-data.s3.amazonaws.com/photos/389649357/large.jpeg,https://inaturalist-open-data.s3.amazonaws.com/photos/389649357/original.jpeg,Furia ithacensis,0,species,cc0,research,https://www.inaturalist.org/observations/220102252,eater,Parasitism,Fungi,Entomophthoromycota,Entomophthoromycetes,Entomophthorales,Entomophthoraceae,Furia,Furia ithacensis,obs_220102252_photo_389649357,parasitic fungus with insect host.
195713651,344383957,cc-by-nc-sa,https://inaturalist-open-data.s3.amazonaws.com/photos/344383957/square.jpeg,https://inaturalist-open-data.s3.amazonaws.com/photos/344383957/medium.jpeg,https://inaturalist-open-data.s3.amazonaws.com/photos/344383957/large.jpeg,https://inaturalist-open-data.s3.amazonaws.com/photos/344383957/original.jpeg,Parakontikia ventrolineata,0,species,cc-by-nc-nd,research,https://www.inaturalist.org/observations/195713651,eater,"No, none of these",Animalia,Platyhelminthes,0,Tricladida,Geoplanidae,Parakontikia,Parakontikia ventrolineata,obs_195713651_photo_344383957,flatworm with yellow stripes and brown spots.
194795499,341224314,cc-by-nc,https://inaturalist-open-data.s3.amazonaws.com/photos/341224314/square.png,https://inaturalist-open-data.s3.amazonaws.com/photos/341224314/medium.png,https://inaturalist-open-data.s3.amazonaws.com/photos/341224314/large.png,https://inaturalist-open-data.s3.amazonaws.com/photos/341224314/original.png,Urticina columbiana,Sand Rose Anemone,species,cc-by-nc,research,https://www.inaturalist.org/observations/194795499,eater,"No, none of these",Animalia,Cnidaria,Anthozoa,Actiniaria,Actiniidae,Urticina,Urticina columbiana,obs_194795499_photo_341224314,red or pink sea anemone with long tentacles.
194599339,342107100,cc-by-nc-sa,https://inaturalist-open-data.s3.amazonaws.com/photos/342107100/square.jpeg,https://inaturalist-open-data.s3.amazonaws.com/photos/342107100/medium.jpeg,https://inaturalist-open-data.s3.amazonaws.com/photos/342107100/large.jpeg,https://inaturalist-open-data.s3.amazonaws.com/photos/342107100/original.jpeg,Obama nungara,Obama Flatworm,species,cc-by-nc-nd,research,https://www.inaturalist.org/observations/194599339,eater,"No, none of these",Animalia,Platyhelminthes,0,Tricladida,Geoplanidae,Obama,Obama nungara,obs_194599339_photo_342107100,flatworm with yellow body and brown spots.
188731534,330410184,cc0,https://inaturalist-open-data.s3.amazonaws.com/photos/330410184/square.jpg,https://inaturalist-open-data.s3.amazonaws.com/photos/330410184/medium.jpg,https://inaturalist-open-data.s3.amazonaws.com/photos/330410184/large.jpg,https://inaturalist-open-data.s3.amazonaws.com/photos/330410184/original.jpg,Lonsdalea quercina,drippy acorn disease,species,cc-by,research,https://www.inaturalist.org/observations/188731534,organism being eaten,"No, none of these",Bacteria,Proteobacteria,Gammaproteobacteria,Enterobacteriales,Pectobacteriaceae,Lonsdalea,Lonsdalea quercina,obs_188731534_photo_330410184,bacteria with rod shape.
130480768,70327211,cc-by,https://inaturalist-open-data.s3.amazonaws.com/photos/70327211/square.jpeg,https://inaturalist-open-data.s3.amazonaws.com/photos/70327211/medium.jpeg,https://inaturalist-open-data.s3.amazonaws.com/photos/70327211/large.jpeg,https://inaturalist-open-data.s3.amazonaws.com/photos/70327211/original.jpeg,Hirudo michaelseni,Common African Leech,species,cc-by,research,https://www.inaturalist.org/observations/130480768,eater,Parasitism,Animalia,Annelida,Clitellata,Arhynchobdellida,Hirudinidae,Hirudo,Hirudo michaelseni,obs_130480768_photo_70327211,"long, flat, segmented worm with red body."
102691691,171703626,cc-by-nc,https://inaturalist-open-data.s3.amazonaws.com/photos/171703626/square.jpeg,https://inaturalist-open-data.s3.amazonaws.com/photos/171703626/medium.jpeg,https://inaturalist-open-data.s3.amazonaws.com/photos/171703626/large.jpeg,https://inaturalist-open-data.s3.amazonaws.com/photos/171703626/original.jpeg,Egregia menziesii,Feather Boa Kelp,species,cc-by-nc,research,https://www.inaturalist.org/observations/102691691,organism being eaten,"No, none of these",Chromista,Ochrophyta,Phaeophyceae,Laminariales,Lessoniaceae,Egregia,Egregia menziesii,obs_102691691_photo_171703626,brown seaweed with long fronds.
64497720,103704678,cc-by-nc,https://inaturalist-open-data.s3.amazonaws.com/photos/103704678/square.jpg,https://inaturalist-open-data.s3.amazonaws.com/photos/103704678/medium.jpg,https://inaturalist-open-data.s3.amazonaws.com/photos/103704678/large.jpg,https://inaturalist-open-data.s3.amazonaws.com/photos/103704678/original.jpg,Alitta williami,0,species,cc-by-nc,research,https://www.inaturalist.org/observations/64497720,organism being eaten,"No, none of these",Animalia,Annelida,Polychaeta,Phyllodocida,Nereididae,Alitta,Alitta williami,obs_64497720_photo_103704678,"long, thin, segmented worm with setae."
33435868,52515163,cc-by-nc,https://inaturalist-open-data.s3.amazonaws.com/photos/52515163/square.jpeg,https://inaturalist-open-data.s3.amazonaws.com/photos/52515163/medium.jpeg,https://inaturalist-open-data.s3.amazonaws.com/photos/52515163/large.jpeg,https://inaturalist-open-data.s3.amazonaws.com/photos/52515163/original.jpeg,Paranemertes peregrina,Purple Ribbon Worm,species,cc-by-nc,research,https://www.inaturalist.org/observations/33435868,eater,"No, none of these",Animalia,Nemertea,Hoplonemertea,Monostilifera,Neesiidae,Paranemertes,Paranemertes peregrina,obs_33435868_photo_52515163,"long, thin, pinkish worm with distinctive ribbon-like body."
10317797,14298032,cc-by-nc,https://inaturalist-open-data.s3.amazonaws.com/photos/14298032/square.jpg,https://inaturalist-open-data.s3.amazonaws.com/photos/14298032/medium.jpg,https://inaturalist-open-data.s3.amazonaws.com/photos/14298032/large.jpg,https://inaturalist-open-data.s3.amazonaws.com/photos/14298032/original.jpg,Dermasterias imbricata,Leather Star,species,cc-by-nc,research,https://www.inaturalist.org/observations/10317797,organism being eaten,"No, none of these",Animalia,Echinodermata,Asteroidea,Valvatida,Asteropseidae,Dermasterias,Dermasterias imbricata,obs_10317797_photo_14298032,starfish with five arms and brown color.
