observation_id,photo_id,license_code,square_url,medium_url,large_url,original_url,scientific_name,common_name,taxon_rank,ob_license_code,quality_grade,uri,pred_prey,special_type_of_feeding,taxon_kingdom,taxon_phylum,taxon_class,taxon_order,taxon_family,taxon_genus,taxon_species
340304697,619256274,cc-by-nc,https://inaturalist-open-data.s3.amazonaws.com/photos/619256274/square.jpg,https://inaturalist-open-data.s3.amazonaws.com/photos/619256274/medium.jpg,https://inaturalist-open-data.s3.amazonaws.com/photos/619256274/large.jpg,https://inaturalist-open-data.s3.amazonaws.com/photos/619256274/original.jpg,Haemopis grandis,0,species,cc-by-nc,research,https://www.inaturalist.org/observations/340304697,Pred,Predation,Animalia,Annelida,Clitellata,Arhynchobdellida,Haemopidae,Haemopis,Haemopis grandis
130480768,70327211,cc-by,https://inaturalist-open-data.s3.amazonaws.com/photos/70327211/square.jpeg,https://inaturalist-open-data.s3.amazonaws.com/photos/70327211/medium.jpeg,https://inaturalist-open-data.s3.amazonaws.com/photos/70327211/large.jpeg,https://inaturalist-open-data.s3.amazonaws.com/photos/70327211/original.jpeg,Hirudo michaelseni,Common African Leech,species,cc-by,research,https://www.inaturalist.org/observations/130480768,Pred,Parasitism,Animalia,Annelida,Clitellata,Arhynchobdellida,Hirudinidae,Hirudo,Hirudo michaelseni
108694744,183053796,cc-by-nc,https://inaturalist-open-data.s3.amazonaws.com/photos/183053796/square.jpeg,https://inaturalist-open-data.s3.amazonaws.com/photos/183053796/medium.jpeg,https://inaturalist-open-data.s3.amazonaws.com/photos/183053796/large.jpeg,https://inaturalist-open-data.s3.amazonaws.com/photos/183053796/original.jpeg,Urechis caupo,Fat Innkeeper Worm,species,cc-by-nc,research,https://www.inaturalist.org/observations/108694744,Prey,Predation,Animalia,Annelida,Polychaeta,Echiuroidea,Urechidae,Urechis,Urechis caupo
64497720,103704678,cc-by-nc,https://inaturalist-open-data.s3.amazonaws.com/photos/103704678/square.jpg,https://inaturalist-open-data.s3.amazonaws.com/photos/103704678/medium.jpg,https://inaturalist-open-data.s3.amazonaws.com/photos/103704678/large.jpg,https://inaturalist-open-data.s3.amazonaws.com/photos/103704678/original.jpg,Alitta williami,0,species,cc-by-nc,research,https://www.inaturalist.org/observations/64497720,Prey,Predation,Animalia,Annelida,Polychaeta,Phyllodocida,Nereididae,Alitta,Alitta williami
341067936,620805844,cc-by-nc,https://inaturalist-open-data.s3.amazonaws.com/photos/620805844/square.jpg,https://inaturalist-open-data.s3.amazonaws.com/photos/620805844/medium.jpg,https://inaturalist-open-data.s3.amazonaws.com/photos/620805844/large.jpg,https://inaturalist-open-data.s3.amazonaws.com/photos/620805844/original.jpg,Apis mellifera,Western Honey Bee,species,cc-by-nc,research,https://www.inaturalist.org/observations/341067936,Pred,Pollination,Animalia,Arthropoda,Insecta,Hymenoptera,Apidae,Apis,Apis mellifera
340848746,620355031,cc0,https://inaturalist-open-data.s3.amazonaws.com/photos/620355031/square.jpg,https://inaturalist-open-data.s3.amazonaws.com/photos/620355031/medium.jpg,https://inaturalist-open-data.s3.amazonaws.com/photos/620355031/large.jpg,https://inaturalist-open-data.s3.amazonaws.com/photos/620355031/original.jpg,Tetraleurodes perileuca,Stanford's Whitefly,species,cc-by,research,https://www.inaturalist.org/observations/340848746,Pred,Parasitism,Animalia,Arthropoda,Insecta,Hemiptera,Aleyrodidae,Tetraleurodes,Tetraleurodes perileuca
340848514,620354575,cc0,https://inaturalist-open-data.s3.amazonaws.com/photos/620354575/square.jpg,https://inaturalist-open-data.s3.amazonaws.com/photos/620354575/medium.jpg,https://inaturalist-open-data.s3.amazonaws.com/photos/620354575/large.jpg,https://inaturalist-open-data.s3.amazonaws.com/photos/620354575/original.jpg,Paraleyrodes minei,Nesting Whitefly,species,cc-by,research,https://www.inaturalist.org/observations/340848514,Pred,Parasitism,Animalia,Arthropoda,Insecta,Hemiptera,Aleyrodidae,Paraleyrodes,Paraleyrodes minei
340848497,620354560,cc0,https://inaturalist-open-data.s3.amazonaws.com/photos/620354560/square.jpg,https://inaturalist-open-data.s3.amazonaws.com/photos/620354560/medium.jpg,https://inaturalist-open-data.s3.amazonaws.com/photos/620354560/large.jpg,https://inaturalist-open-data.s3.amazonaws.com/photos/620354560/original.jpg,Aleuroplatus coronata,Crown Whitefly,species,cc-by,research,https://www.inaturalist.org/observations/340848497,Pred,Parasitism,Animalia,Arthropoda,Insecta,Hemiptera,Aleyrodidae,Aleuroplatus,Aleuroplatus coronata
340722576,620095839,cc-by-nc,https://inaturalist-open-data.s3.amazonaws.com/photos/620095839/square.jpg,https://inaturalist-open-data.s3.amazonaws.com/photos/620095839/medium.jpg,https://inaturalist-open-data.s3.amazonaws.com/photos/620095839/large.jpg,https://inaturalist-open-data.s3.amazonaws.com/photos/620095839/original.jpg,Omphalocera munroei,Pawpaw Webworm Moth,species,cc-by-nc,research,https://www.inaturalist.org/observations/340722576,Pred,Predation,Animalia,Arthropoda,Insecta,Lepidoptera,Pyralidae,Omphalocera,Omphalocera munroei
340368188,619383348,cc-by,https://inaturalist-open-data.s3.amazonaws.com/photos/619383348/square.jpg,https://inaturalist-open-data.s3.amazonaws.com/photos/619383348/medium.jpg,https://inaturalist-open-data.s3.amazonaws.com/photos/619383348/large.jpg,https://inaturalist-open-data.s3.amazonaws.com/photos/619383348/original.jpg,Diplolepis rosae,Mossy Rose Gall Wasp,species,cc-by,research,https://www.inaturalist.org/observations/340368188,Pred,Parasitism,Animalia,Arthropoda,Insecta,Hymenoptera,Diplolepididae,Diplolepis,Diplolepis rosae
340364592,619375042,cc-by-nc,https://inaturalist-open-data.s3.amazonaws.com/photos/619375042/square.jpg,https://inaturalist-open-data.s3.amazonaws.com/photos/619375042/medium.jpg,https://inaturalist-open-data.s3.amazonaws.com/photos/619375042/large.jpg,https://inaturalist-open-data.s3.amazonaws.com/photos/619375042/original.jpg,Aquarius najas,River Skater,species,cc-by-nc,research,https://www.inaturalist.org/observations/340364592,Pred,Predation,Animalia,Arthropoda,Insecta,Hemiptera,Gerridae,Aquarius,Aquarius najas
340326194,619295158,cc-by-nc,https://inaturalist-open-data.s3.amazonaws.com/photos/619295158/square.jpg,https://inaturalist-open-data.s3.amazonaws.com/photos/619295158/medium.jpg,https://inaturalist-open-data.s3.amazonaws.com/photos/619295158/large.jpg,https://inaturalist-open-data.s3.amazonaws.com/photos/619295158/original.jpg,Pseudocercospora fuliginosa,0,species,cc-by-nc,research,https://www.inaturalist.org/observations/340326194,Pred,Parasitism,Fungi,Ascomycota,Dothideomycetes,Mycosphaerellales,Mycosphaerellaceae,Pseudocercospora,Pseudocercospora fuliginosa
337610714,613769638,cc-by,https://inaturalist-open-data.s3.amazonaws.com/photos/613769638/square.jpg,https://inaturalist-open-data.s3.amazonaws.com/photos/613769638/medium.jpg,https://inaturalist-open-data.s3.amazonaws.com/photos/613769638/large.jpg,https://inaturalist-open-data.s3.amazonaws.com/photos/613769638/original.jpg,Erysiphe parvula,0,species,cc-by,research,https://www.inaturalist.org/observations/337610714,Pred,Parasitism,Fungi,Ascomycota,Leotiomycetes,Helotiales,Erysiphaceae,Erysiphe,Erysiphe parvula
337610708,613769550,cc-by,https://inaturalist-open-data.s3.amazonaws.com/photos/613769550/square.jpg,https://inaturalist-open-data.s3.amazonaws.com/photos/613769550/medium.jpg,https://inaturalist-open-data.s3.amazonaws.com/photos/613769550/large.jpg,https://inaturalist-open-data.s3.amazonaws.com/photos/613769550/original.jpg,Golovinomyces bolayi,0,species,cc-by,research,https://www.inaturalist.org/observations/337610708,Pred,Parasitism,Fungi,Ascomycota,Leotiomycetes,Helotiales,Erysiphaceae,Golovinomyces,Golovinomyces bolayi
334758419,607987821,cc-by-nc,https://inaturalist-open-data.s3.amazonaws.com/photos/607987821/square.jpg,https://inaturalist-open-data.s3.amazonaws.com/photos/607987821/medium.jpg,https://inaturalist-open-data.s3.amazonaws.com/photos/607987821/large.jpg,https://inaturalist-open-data.s3.amazonaws.com/photos/607987821/original.jpg,Illosporiopsis christiansenii,0,species,cc-by-nc,research,https://www.inaturalist.org/observations/334758419,Pred,Parasitism,Fungi,Ascomycota,Sordariomycetes,Hypocreales,0,Illosporiopsis,Illosporiopsis christiansenii
331752340,601901044,cc-by-nc,https://inaturalist-open-data.s3.amazonaws.com/photos/601901044/square.jpg,https://inaturalist-open-data.s3.amazonaws.com/photos/601901044/medium.jpg,https://inaturalist-open-data.s3.amazonaws.com/photos/601901044/large.jpg,https://inaturalist-open-data.s3.amazonaws.com/photos/601901044/original.jpg,Phyllosticta asiminae,0,species,cc-by-nc,research,https://www.inaturalist.org/observations/331752340,Pred,Parasitism,Fungi,Ascomycota,Dothideomycetes,Botryosphaeriales,Phyllostictaceae,Phyllosticta,Phyllosticta asiminae
326876805,592092171,cc-by-nc,https://inaturalist-open-data.s3.amazonaws.com/photos/592092171/square.jpg,https://inaturalist-open-data.s3.amazonaws.com/photos/592092171/medium.jpg,https://inaturalist-open-data.s3.amazonaws.com/photos/592092171/large.jpg,https://inaturalist-open-data.s3.amazonaws.com/photos/592092171/original.jpg,Rhytisma acerinum,Black Tar Spot,species,cc-by-nc,research,https://www.inaturalist.org/observations/326876805,Pred,Parasitism,Fungi,Ascomycota,Leotiomycetes,Rhytismatales,Rhytismataceae,Rhytisma,Rhytisma acerinum
325625055,589595206,cc-by-nc,https://inaturalist-open-data.s3.amazonaws.com/photos/589595206/square.jpg,https://inaturalist-open-data.s3.amazonaws.com/photos/589595206/medium.jpg,https://inaturalist-open-data.s3.amazonaws.com/photos/589595206/large.jpg,https://inaturalist-open-data.s3.amazonaws.com/photos/589595206/original.jpg,Mycocentrospora asiminae,0,species,cc0,research,https://www.inaturalist.org/observations/325625055,Pred,Parasitism,Fungi,Ascomycota,Dothideomycetes,Pleosporales,Dothidotthiaceae,Mycocentrospora,Mycocentrospora asiminae
337606242,613762919,cc-by,https://inaturalist-open-data.s3.amazonaws.com/photos/613762919/square.jpg,https://inaturalist-open-data.s3.amazonaws.com/photos/613762919/medium.jpg,https://inaturalist-open-data.s3.amazonaws.com/photos/613762919/large.jpg,https://inaturalist-open-data.s3.amazonaws.com/photos/613762919/original.jpg,Puccinia polygoni-amphibii,0,species,cc-by,research,https://www.inaturalist.org/observations/337606242,Pred,Parasitism,Fungi,Basidiomycota,Pucciniomycetes,Pucciniales,Pucciniaceae,Puccinia,Puccinia polygoni-amphibii
334025380,606497684,cc-by-nc,https://inaturalist-open-data.s3.amazonaws.com/photos/606497684/square.jpg,https://inaturalist-open-data.s3.amazonaws.com/photos/606497684/medium.jpg,https://inaturalist-open-data.s3.amazonaws.com/photos/606497684/large.jpg,https://inaturalist-open-data.s3.amazonaws.com/photos/606497684/original.jpg,Cryptomarasmius corbariensis,Oliveleaf Crypto,species,cc-by-nc,research,https://www.inaturalist.org/observations/334025380,Pred,Scavenging or Decomposition,Fungi,Basidiomycota,Agaricomycetes,Agaricales,Physalacriaceae,Cryptomarasmius,Cryptomarasmius corbariensis
333144263,501540234,cc-by-nc,https://inaturalist-open-data.s3.amazonaws.com/photos/501540234/square.jpeg,https://inaturalist-open-data.s3.amazonaws.com/photos/501540234/medium.jpeg,https://inaturalist-open-data.s3.amazonaws.com/photos/501540234/large.jpeg,https://inaturalist-open-data.s3.amazonaws.com/photos/501540234/original.jpeg,Erythricium aurantiacum,0,species,cc-by-nc,research,https://www.inaturalist.org/observations/333144263,Pred,Parasitism,Fungi,Basidiomycota,Agaricomycetes,Corticiales,Corticiaceae,Erythricium,Erythricium aurantiacum
331831594,602051260,cc-by,https://inaturalist-open-data.s3.amazonaws.com/photos/602051260/square.jpg,https://inaturalist-open-data.s3.amazonaws.com/photos/602051260/medium.jpg,https://inaturalist-open-data.s3.amazonaws.com/photos/602051260/large.jpg,https://inaturalist-open-data.s3.amazonaws.com/photos/602051260/original.jpg,Caulorhiza umbonata,Redwood Rooter,species,cc-by,research,https://www.inaturalist.org/observations/331831594,Prey,Predation,Fungi,Basidiomycota,Agaricomycetes,Agaricales,0,Caulorhiza,Caulorhiza umbonata
323944435,586236533,cc-by-nc,https://inaturalist-open-data.s3.amazonaws.com/photos/586236533/square.jpg,https://inaturalist-open-data.s3.amazonaws.com/photos/586236533/medium.jpg,https://inaturalist-open-data.s3.amazonaws.com/photos/586236533/large.jpg,https://inaturalist-open-data.s3.amazonaws.com/photos/586236533/original.jpg,Gymnosporangium juniperi-virginianae,Cedar-apple rust,species,cc-by-nc,research,https://www.inaturalist.org/observations/323944435,Pred,Parasitism,Fungi,Basidiomycota,Pucciniomycetes,Pucciniales,Gymnosporangiaceae,Gymnosporangium,Gymnosporangium juniperi-virginianae
319669394,577875426,cc-by-nc,https://inaturalist-open-data.s3.amazonaws.com/photos/577875426/square.jpg,https://inaturalist-open-data.s3.amazonaws.com/photos/577875426/medium.jpg,https://inaturalist-open-data.s3.amazonaws.com/photos/577875426/large.jpg,https://inaturalist-open-data.s3.amazonaws.com/photos/577875426/original.jpg,Coleosporium ipomoeae,0,species,cc-by-nc,research,https://www.inaturalist.org/observations/319669394,Prey,Predation,Fungi,Basidiomycota,Pucciniomycetes,Pucciniales,Coleosporiaceae,Coleosporium,Coleosporium ipomoeae
318533969,575706140,cc0,https://inaturalist-open-data.s3.amazonaws.com/photos/575706140/square.jpg,https://inaturalist-open-data.s3.amazonaws.com/photos/575706140/medium.jpg,https://inaturalist-open-data.s3.amazonaws.com/photos/575706140/large.jpg,https://inaturalist-open-data.s3.amazonaws.com/photos/575706140/original.jpg,Phylloporia amplectens,Pawpaw Polypore,species,cc0,research,https://www.inaturalist.org/observations/318533969,Pred,Parasitism,Fungi,Basidiomycota,Agaricomycetes,Hymenochaetales,Hymenochaetaceae,Phylloporia,Phylloporia amplectens
341194952,621071156,cc-by,https://inaturalist-open-data.s3.amazonaws.com/photos/621071156/square.jpg,https://inaturalist-open-data.s3.amazonaws.com/photos/621071156/medium.jpg,https://inaturalist-open-data.s3.amazonaws.com/photos/621071156/large.jpg,https://inaturalist-open-data.s3.amazonaws.com/photos/621071156/original.jpg,Ardea alba,Great Egret,species,cc-by,research,https://www.inaturalist.org/observations/341194952,Pred,Predation,Animalia,Chordata,Aves,Pelecaniformes,Ardeidae,Ardea,Ardea alba
340891948,620443274,cc-by-nc,https://inaturalist-open-data.s3.amazonaws.com/photos/620443274/square.jpg,https://inaturalist-open-data.s3.amazonaws.com/photos/620443274/medium.jpg,https://inaturalist-open-data.s3.amazonaws.com/photos/620443274/large.jpg,https://inaturalist-open-data.s3.amazonaws.com/photos/620443274/original.jpg,Ammodytes personatus,Pacific Sand Lance,species,cc-by-nc,research,https://www.inaturalist.org/observations/340891948,Prey,Predation,Animalia,Chordata,Actinopterygii,Labriformes,Ammodytidae,Ammodytes,Ammodytes personatus
340825934,620308797,cc-by,https://inaturalist-open-data.s3.amazonaws.com/photos/620308797/square.jpg,https://inaturalist-open-data.s3.amazonaws.com/photos/620308797/medium.jpg,https://inaturalist-open-data.s3.amazonaws.com/photos/620308797/large.jpg,https://inaturalist-open-data.s3.amazonaws.com/photos/620308797/original.jpg,Guira guira,Guira Cuckoo,species,cc-by,research,https://www.inaturalist.org/observations/340825934,Pred,Predation,Animalia,Chordata,Aves,Cuculiformes,Cuculidae,Guira,Guira guira
340542613,619737737,cc-by-nc,https://inaturalist-open-data.s3.amazonaws.com/photos/619737737/square.jpg,https://inaturalist-open-data.s3.amazonaws.com/photos/619737737/medium.jpg,https://inaturalist-open-data.s3.amazonaws.com/photos/619737737/large.jpg,https://inaturalist-open-data.s3.amazonaws.com/photos/619737737/original.jpg,Astur cooperii,Cooper's Hawk,species,cc-by-nc,research,https://www.inaturalist.org/observations/340542613,Pred,Predation,Animalia,Chordata,Aves,Accipitriformes,Accipitridae,Astur,Astur cooperii
340514310,619679014,cc-by-nc,https://inaturalist-open-data.s3.amazonaws.com/photos/619679014/square.jpg,https://inaturalist-open-data.s3.amazonaws.com/photos/619679014/medium.jpg,https://inaturalist-open-data.s3.amazonaws.com/photos/619679014/large.jpg,https://inaturalist-open-data.s3.amazonaws.com/photos/619679014/original.jpg,Sciurus carolinensis,Eastern Gray Squirrel,species,cc-by-nc,research,https://www.inaturalist.org/observations/340514310,Prey,Predation,Animalia,Chordata,Mammalia,Rodentia,Sciuridae,Sciurus,Sciurus carolinensis
340514309,619678757,cc-by-nc,https://inaturalist-open-data.s3.amazonaws.com/photos/619678757/square.jpg,https://inaturalist-open-data.s3.amazonaws.com/photos/619678757/medium.jpg,https://inaturalist-open-data.s3.amazonaws.com/photos/619678757/large.jpg,https://inaturalist-open-data.s3.amazonaws.com/photos/619678757/original.jpg,Buteo jamaicensis,Red-tailed Hawk,species,cc-by-nc,research,https://www.inaturalist.org/observations/340514309,Pred,Predation,Animalia,Chordata,Aves,Accipitriformes,Accipitridae,Buteo,Buteo jamaicensis
340433312,619519266,cc-by-nc,https://inaturalist-open-data.s3.amazonaws.com/photos/619519266/square.jpg,https://inaturalist-open-data.s3.amazonaws.com/photos/619519266/medium.jpg,https://inaturalist-open-data.s3.amazonaws.com/photos/619519266/large.jpg,https://inaturalist-open-data.s3.amazonaws.com/photos/619519266/original.jpg,Limnodynastes peronii,Striped Marsh Frog,species,cc-by-nc,research,https://www.inaturalist.org/observations/340433312,Pred,Predation,Animalia,Chordata,Amphibia,Anura,Limnodynastidae,Limnodynastes,Limnodynastes peronii
327076113,592488640,cc-by-nc,https://inaturalist-open-data.s3.amazonaws.com/photos/592488640/square.jpg,https://inaturalist-open-data.s3.amazonaws.com/photos/592488640/medium.jpg,https://inaturalist-open-data.s3.amazonaws.com/photos/592488640/large.jpg,https://inaturalist-open-data.s3.amazonaws.com/photos/592488640/original.jpg,Anthopleura artemisia,Moonglow Anemone,species,cc-by-nc,research,https://www.inaturalist.org/observations/327076113,Pred,Predation,Animalia,Cnidaria,Anthozoa,Actiniaria,Actiniidae,Anthopleura,Anthopleura artemisia
194795499,341224314,cc-by-nc,https://inaturalist-open-data.s3.amazonaws.com/photos/341224314/square.png,https://inaturalist-open-data.s3.amazonaws.com/photos/341224314/medium.png,https://inaturalist-open-data.s3.amazonaws.com/photos/341224314/large.png,https://inaturalist-open-data.s3.amazonaws.com/photos/341224314/original.png,Urticina columbiana,Sand Rose Anemone,species,cc-by-nc,research,https://www.inaturalist.org/observations/194795499,Pred,Predation,Animalia,Cnidaria,Anthozoa,Actiniaria,Actiniidae,Urticina,Urticina columbiana
339993526,618618071,cc-by-nc,https://inaturalist-open-data.s3.amazonaws.com/photos/618618071/square.jpg,https://inaturalist-open-data.s3.amazonaws.com/photos/618618071/medium.jpg,https://inaturalist-open-data.s3.amazonaws.com/photos/618618071/large.jpg,https://inaturalist-open-data.s3.amazonaws.com/photos/618618071/original.jpg,Evasterias troschelii,Mottled Star,species,cc-by-nc,research,https://www.inaturalist.org/observations/339993526,Prey,Predation,Animalia,Echinodermata,Asteroidea,Forcipulatida,Asteriidae,Evasterias,Evasterias troschelii
337600645,614526508,cc-by-nc,https://inaturalist-open-data.s3.amazonaws.com/photos/614526508/square.jpg,https://inaturalist-open-data.s3.amazonaws.com/photos/614526508/medium.jpg,https://inaturalist-open-data.s3.amazonaws.com/photos/614526508/large.jpg,https://inaturalist-open-data.s3.amazonaws.com/photos/614526508/original.jpg,Strongylocentrotus purpuratus,Pacific Purple Sea Urchin,species,cc-by-nc,research,https://www.inaturalist.org/observations/337600645,Prey,Predation,Animalia,Echinodermata,Echinoidea,Camarodonta,Strongylocentrotidae,Strongylocentrotus,Strongylocentrotus purpuratus
321389820,581234419,cc-by,https://inaturalist-open-data.s3.amazonaws.com/photos/581234419/square.jpg,https://inaturalist-open-data.s3.amazonaws.com/photos/581234419/medium.jpg,https://inaturalist-open-data.s3.amazonaws.com/photos/581234419/large.jpg,https://inaturalist-open-data.s3.amazonaws.com/photos/581234419/original.jpg,Echinus esculentus,European Edible Sea Urchin,species,cc-by,research,https://www.inaturalist.org/observations/321389820,Prey,Predation,Animalia,Echinodermata,Echinoidea,Camarodonta,Echinidae,Echinus,Echinus esculentus
263836670,474047112,cc-by-nc,https://inaturalist-open-data.s3.amazonaws.com/photos/474047112/square.jpeg,https://inaturalist-open-data.s3.amazonaws.com/photos/474047112/medium.jpeg,https://inaturalist-open-data.s3.amazonaws.com/photos/474047112/large.jpeg,https://inaturalist-open-data.s3.amazonaws.com/photos/474047112/original.jpeg,Pisaster ochraceus,Ochre Sea Star,species,cc-by-nc,research,https://www.inaturalist.org/observations/263836670,Prey,Predation,Animalia,Echinodermata,Asteroidea,Forcipulatida,Asteriidae,Pisaster,Pisaster ochraceus
220822650,391000325,cc-by-nc,https://inaturalist-open-data.s3.amazonaws.com/photos/391000325/square.jpeg,https://inaturalist-open-data.s3.amazonaws.com/photos/391000325/medium.jpeg,https://inaturalist-open-data.s3.amazonaws.com/photos/391000325/large.jpeg,https://inaturalist-open-data.s3.amazonaws.com/photos/391000325/original.jpeg,Cucumaria miniata,Orange Sea Cucumber,species,cc-by-nc,research,https://www.inaturalist.org/observations/220822650,Prey,Predation,Animalia,Echinodermata,Holothuroidea,Dendrochirotida,Cucumariidae,Cucumaria,Cucumaria miniata
10317797,14298032,cc-by-nc,https://inaturalist-open-data.s3.amazonaws.com/photos/14298032/square.jpg,https://inaturalist-open-data.s3.amazonaws.com/photos/14298032/medium.jpg,https://inaturalist-open-data.s3.amazonaws.com/photos/14298032/large.jpg,https://inaturalist-open-data.s3.amazonaws.com/photos/14298032/original.jpg,Dermasterias imbricata,Leather Star,species,cc-by-nc,research,https://www.inaturalist.org/observations/10317797,Prey,Predation,Animalia,Echinodermata,Asteroidea,Valvatida,Asteropseidae,Dermasterias,Dermasterias imbricata
258798571,464418419,cc-by-nc,https://inaturalist-open-data.s3.amazonaws.com/photos/464418419/square.jpg,https://inaturalist-open-data.s3.amazonaws.com/photos/464418419/medium.jpg,https://inaturalist-open-data.s3.amazonaws.com/photos/464418419/large.jpg,https://inaturalist-open-data.s3.amazonaws.com/photos/464418419/original.jpg,Entomophthora,0,genus,cc-by-nc,research,https://www.inaturalist.org/observations/258798571,Pred,Parasitism,Fungi,Entomophthoromycota,Entomophthoromycetes,Entomophthorales,Entomophthoraceae,Entomophthora,0
256022699,458927175,cc-by-nc,https://inaturalist-open-data.s3.amazonaws.com/photos/458927175/square.jpeg,https://inaturalist-open-data.s3.amazonaws.com/photos/458927175/medium.jpeg,https://inaturalist-open-data.s3.amazonaws.com/photos/458927175/large.jpeg,https://inaturalist-open-data.s3.amazonaws.com/photos/458927175/original.jpeg,Arthrophaga myriapodina,0,species,cc-by-nc,research,https://www.inaturalist.org/observations/256022699,Pred,Parasitism,Fungi,Entomophthoromycota,Entomophthoromycetes,Entomophthorales,Entomophthoraceae,Arthrophaga,Arthrophaga myriapodina
220102252,389649357,cc-by,https://inaturalist-open-data.s3.amazonaws.com/photos/389649357/square.jpeg,https://inaturalist-open-data.s3.amazonaws.com/photos/389649357/medium.jpeg,https://inaturalist-open-data.s3.amazonaws.com/photos/389649357/large.jpeg,https://inaturalist-open-data.s3.amazonaws.com/photos/389649357/original.jpeg,Furia ithacensis,0,species,cc0,research,https://www.inaturalist.org/observations/220102252,Pred,Parasitism,Fungi,Entomophthoromycota,Entomophthoromycetes,Entomophthorales,Entomophthoraceae,Furia,Furia ithacensis
338486970,615576074,cc-by-nc,https://inaturalist-open-data.s3.amazonaws.com/photos/615576074/square.jpg,https://inaturalist-open-data.s3.amazonaws.com/photos/615576074/medium.jpg,https://inaturalist-open-data.s3.amazonaws.com/photos/615576074/large.jpg,https://inaturalist-open-data.s3.amazonaws.com/photos/615576074/original.jpg,Spisula solidissima,West Atlantic Surfclam,species,cc0,research,https://www.inaturalist.org/observations/338486970,Prey,Predation,Animalia,Mollusca,Bivalvia,Venerida,Mactridae,Spisula,Spisula solidissima
338007030,614585734,cc-by-nc,https://inaturalist-open-data.s3.amazonaws.com/photos/614585734/square.jpg,https://inaturalist-open-data.s3.amazonaws.com/photos/614585734/medium.jpg,https://inaturalist-open-data.s3.amazonaws.com/photos/614585734/large.jpg,https://inaturalist-open-data.s3.amazonaws.com/photos/614585734/original.jpg,Eobania vermiculata,Chocolate-band Snail,species,cc-by,research,https://www.inaturalist.org/observations/338007030,Pred,Predation,Animalia,Mollusca,Gastropoda,Stylommatophora,Helicidae,Eobania,Eobania vermiculata
337063055,612648507,cc-by-nc,https://inaturalist-open-data.s3.amazonaws.com/photos/612648507/square.jpg,https://inaturalist-open-data.s3.amazonaws.com/photos/612648507/medium.jpg,https://inaturalist-open-data.s3.amazonaws.com/photos/612648507/large.jpg,https://inaturalist-open-data.s3.amazonaws.com/photos/612648507/original.jpg,Charonia tritonis,Giant Triton Snail,species,cc-by-nc,research,https://www.inaturalist.org/observations/337063055,Pred,Predation,Animalia,Mollusca,Gastropoda,Littorinimorpha,Charoniidae,Charonia,Charonia tritonis
333664707,605748155,cc-by-nc,https://inaturalist-open-data.s3.amazonaws.com/photos/605748155/square.jpg,https://inaturalist-open-data.s3.amazonaws.com/photos/605748155/medium.jpg,https://inaturalist-open-data.s3.amazonaws.com/photos/605748155/large.jpg,https://inaturalist-open-data.s3.amazonaws.com/photos/605748155/original.jpg,Aeolidia loui,Warty Shag-rug Nudibranch,species,cc-by-nc,research,https://www.inaturalist.org/observations/333664707,Pred,Predation,Animalia,Mollusca,Gastropoda,Nudibranchia,Aeolidiidae,Aeolidia,Aeolidia loui
332241462,602909620,cc-by-nc-nd,https://inaturalist-open-data.s3.amazonaws.com/photos/602909620/square.jpg,https://inaturalist-open-data.s3.amazonaws.com/photos/602909620/medium.jpg,https://inaturalist-open-data.s3.amazonaws.com/photos/602909620/large.jpg,https://inaturalist-open-data.s3.amazonaws.com/photos/602909620/original.jpg,Ariolimax buttoni,Button's Banana Slug,species,cc-by-nc,research,https://www.inaturalist.org/observations/332241462,Pred,Scavenging or Decomposition,Animalia,Mollusca,Gastropoda,Stylommatophora,Ariolimacidae,Ariolimax,Ariolimax buttoni
328251248,594774479,cc-by-nc,https://inaturalist-open-data.s3.amazonaws.com/photos/594774479/square.jpg,https://inaturalist-open-data.s3.amazonaws.com/photos/594774479/medium.jpg,https://inaturalist-open-data.s3.amazonaws.com/photos/594774479/large.jpg,https://inaturalist-open-data.s3.amazonaws.com/photos/594774479/original.jpg,Kobeltia,hortensis-group Arion Slugs,subgenus,cc-by-nc,research,https://www.inaturalist.org/observations/328251248,Pred,Scavenging or Decomposition,Animalia,Mollusca,Gastropoda,Stylommatophora,Arionidae,Arion,0
318344322,575337712,cc-by,https://inaturalist-open-data.s3.amazonaws.com/photos/575337712/square.jpg,https://inaturalist-open-data.s3.amazonaws.com/photos/575337712/medium.jpg,https://inaturalist-open-data.s3.amazonaws.com/photos/575337712/large.jpg,https://inaturalist-open-data.s3.amazonaws.com/photos/575337712/original.jpg,Mopalia muscosa,Mossy Chiton,species,cc-by,research,https://www.inaturalist.org/observations/318344322,Prey,Predation,Animalia,Mollusca,Polyplacophora,Chitonida,Mopaliidae,Mopalia,Mopalia muscosa
258568965,463949052,cc-by-nc,https://inaturalist-open-data.s3.amazonaws.com/photos/463949052/square.jpg,https://inaturalist-open-data.s3.amazonaws.com/photos/463949052/medium.jpg,https://inaturalist-open-data.s3.amazonaws.com/photos/463949052/large.jpg,https://inaturalist-open-data.s3.amazonaws.com/photos/463949052/original.jpg,Reticularia,0,genus,cc-by-nc,research,https://www.inaturalist.org/observations/258568965,Prey,Predation,Protozoa,Mycetozoa,Myxomycetes,Reticulariales,Reticulariaceae,Reticularia,0
33435868,52515163,cc-by-nc,https://inaturalist-open-data.s3.amazonaws.com/photos/52515163/square.jpeg,https://inaturalist-open-data.s3.amazonaws.com/photos/52515163/medium.jpeg,https://inaturalist-open-data.s3.amazonaws.com/photos/52515163/large.jpeg,https://inaturalist-open-data.s3.amazonaws.com/photos/52515163/original.jpeg,Paranemertes peregrina,Purple Ribbon Worm,species,cc-by-nc,research,https://www.inaturalist.org/observations/33435868,Pred,Predation,Animalia,Nemertea,Hoplonemertea,Monostilifera,Neesiidae,Paranemertes,Paranemertes peregrina
102691691,171703626,cc-by-nc,https://inaturalist-open-data.s3.amazonaws.com/photos/171703626/square.jpeg,https://inaturalist-open-data.s3.amazonaws.com/photos/171703626/medium.jpeg,https://inaturalist-open-data.s3.amazonaws.com/photos/171703626/large.jpeg,https://inaturalist-open-data.s3.amazonaws.com/photos/171703626/original.jpeg,Egregia menziesii,Feather Boa Kelp,species,cc-by-nc,research,https://www.inaturalist.org/observations/102691691,Prey,Predation,Chromista,Ochrophyta,Phaeophyceae,Laminariales,Lessoniaceae,Egregia,Egregia menziesii
336269939,611037472,cc-by-sa,https://inaturalist-open-data.s3.amazonaws.com/photos/611037472/square.jpg,https://inaturalist-open-data.s3.amazonaws.com/photos/611037472/medium.jpg,https://inaturalist-open-data.s3.amazonaws.com/photos/611037472/large.jpg,https://inaturalist-open-data.s3.amazonaws.com/photos/611037472/original.jpg,Peripatoides novaezealandiae,New Zealand peripatus,species,cc-by-sa,research,https://www.inaturalist.org/observations/336269939,Pred,Predation,Animalia,Onychophora,0,0,Peripatopsidae,Peripatoides,Peripatoides novaezealandiae
291009479,523542929,cc-by-nc,https://inaturalist-open-data.s3.amazonaws.com/photos/523542929/square.jpg,https://inaturalist-open-data.s3.amazonaws.com/photos/523542929/medium.jpg,https://inaturalist-open-data.s3.amazonaws.com/photos/523542929/large.jpg,https://inaturalist-open-data.s3.amazonaws.com/photos/523542929/original.jpg,Macroperipatus torquatus,0,species,cc-by-nc,research,https://www.inaturalist.org/observations/291009479,Pred,Predation,Animalia,Onychophora,0,0,Peripatidae,Macroperipatus,Macroperipatus torquatus
264953671,475827468,cc-by,https://inaturalist-open-data.s3.amazonaws.com/photos/475827468/square.jpeg,https://inaturalist-open-data.s3.amazonaws.com/photos/475827468/medium.jpeg,https://inaturalist-open-data.s3.amazonaws.com/photos/475827468/large.jpeg,https://inaturalist-open-data.s3.amazonaws.com/photos/475827468/original.jpeg,Peripatopsis orientalis,Eastern Forest velvet worm,species,cc-by,research,https://www.inaturalist.org/observations/264953671,Pred,Predation,Animalia,Onychophora,0,0,Peripatopsidae,Peripatopsis,Peripatopsis orientalis
112910966,190755590,cc-by-nc,https://inaturalist-open-data.s3.amazonaws.com/photos/190755590/square.jpeg,https://inaturalist-open-data.s3.amazonaws.com/photos/190755590/medium.jpeg,https://inaturalist-open-data.s3.amazonaws.com/photos/190755590/large.jpeg,https://inaturalist-open-data.s3.amazonaws.com/photos/190755590/original.jpeg,Oroperipatus,0,genus,cc-by-nc,research,https://www.inaturalist.org/observations/112910966,Prey,Predation,Animalia,Onychophora,0,0,Peripatidae,Oroperipatus,0
302755190,545634287,cc-by-nc,https://inaturalist-open-data.s3.amazonaws.com/photos/545634287/square.jpg,https://inaturalist-open-data.s3.amazonaws.com/photos/545634287/medium.jpg,https://inaturalist-open-data.s3.amazonaws.com/photos/545634287/large.jpg,https://inaturalist-open-data.s3.amazonaws.com/photos/545634287/original.jpg,Wilsoniana amaranthi,0,complex,cc-by-nc,research,https://www.inaturalist.org/observations/302755190,Pred,Parasitism,Chromista,Oomycota,Peronosporomycetes,Albuginales,Albuginaceae,Wilsoniana,0
325267824,588882003,cc-by-nc,https://inaturalist-open-data.s3.amazonaws.com/photos/588882003/square.jpg,https://inaturalist-open-data.s3.amazonaws.com/photos/588882003/medium.jpg,https://inaturalist-open-data.s3.amazonaws.com/photos/588882003/large.jpg,https://inaturalist-open-data.s3.amazonaws.com/photos/588882003/original.jpg,Iflavirus dinococcinellae,Dinocampus coccinellae paralysis virus,species,cc-by-nc,research,https://www.inaturalist.org/observations/325267824,Pred,Parasitism,Viruses,Pisuviricota,Pisoniviricetes,Picornavirales,Iflaviridae,Iflavirus,Iflavirus dinococcinellae
250956763,448935283,cc-by-nc-nd,https://inaturalist-open-data.s3.amazonaws.com/photos/448935283/square.jpg,https://inaturalist-open-data.s3.amazonaws.com/photos/448935283/medium.jpg,https://inaturalist-open-data.s3.amazonaws.com/photos/448935283/large.jpg,https://inaturalist-open-data.s3.amazonaws.com/photos/448935283/original.jpg,Prostheceraeus crozieri,Tiger Flatworm,species,cc-by-nc-sa,research,https://www.inaturalist.org/observations/250956763,Pred,Predation,Animalia,Platyhelminthes,0,Polycladida,Euryleptidae,Prostheceraeus,Prostheceraeus crozieri
195713651,344383957,cc-by-nc-sa,https://inaturalist-open-data.s3.amazonaws.com/photos/344383957/square.jpeg,https://inaturalist-open-data.s3.amazonaws.com/photos/344383957/medium.jpeg,https://inaturalist-open-data.s3.amazonaws.com/photos/344383957/large.jpeg,https://inaturalist-open-data.s3.amazonaws.com/photos/344383957/original.jpeg,Parakontikia ventrolineata,0,species,cc-by-nc-nd,research,https://www.inaturalist.org/observations/195713651,Pred,Predation,Animalia,Platyhelminthes,0,Tricladida,Geoplanidae,Parakontikia,Parakontikia ventrolineata
194599339,342107100,cc-by-nc-sa,https://inaturalist-open-data.s3.amazonaws.com/photos/342107100/square.jpeg,https://inaturalist-open-data.s3.amazonaws.com/photos/342107100/medium.jpeg,https://inaturalist-open-data.s3.amazonaws.com/photos/342107100/large.jpeg,https://inaturalist-open-data.s3.amazonaws.com/photos/342107100/original.jpeg,Obama nungara,Obama Flatworm,species,cc-by-nc-nd,research,https://www.inaturalist.org/observations/194599339,Pred,Predation,Animalia,Platyhelminthes,0,Tricladida,Geoplanidae,Obama,Obama nungara
188731534,330410184,cc0,https://inaturalist-open-data.s3.amazonaws.com/photos/330410184/square.jpg,https://inaturalist-open-data.s3.amazonaws.com/photos/330410184/medium.jpg,https://inaturalist-open-data.s3.amazonaws.com/photos/330410184/large.jpg,https://inaturalist-open-data.s3.amazonaws.com/photos/330410184/original.jpg,Lonsdalea quercina,drippy acorn disease,species,cc-by,research,https://www.inaturalist.org/observations/188731534,Prey,Predation,Bacteria,Proteobacteria,Gammaproteobacteria,Enterobacteriales,Pectobacteriaceae,Lonsdalea,Lonsdalea quercina
341060278,547585371,cc-by-nc,https://inaturalist-open-data.s3.amazonaws.com/photos/547585371/square.jpg,https://inaturalist-open-data.s3.amazonaws.com/photos/547585371/medium.jpg,https://inaturalist-open-data.s3.amazonaws.com/photos/547585371/large.jpg,https://inaturalist-open-data.s3.amazonaws.com/photos/547585371/original.jpg,Chamaenerion angustifolium,fireweed,species,cc-by-nc,research,https://www.inaturalist.org/observations/341060278,Prey,Pollination,Plantae,Tracheophyta,Magnoliopsida,Myrtales,Onagraceae,Chamaenerion,Chamaenerion angustifolium
341011035,620687628,cc-by-nc,https://inaturalist-open-data.s3.amazonaws.com/photos/620687628/square.jpg,https://inaturalist-open-data.s3.amazonaws.com/photos/620687628/medium.jpg,https://inaturalist-open-data.s3.amazonaws.com/photos/620687628/large.jpg,https://inaturalist-open-data.s3.amazonaws.com/photos/620687628/original.jpg,Asimina reticulata,netted pawpaw,species,cc-by-nc,research,https://www.inaturalist.org/observations/341011035,Prey,Parasitism,Plantae,Tracheophyta,Magnoliopsida,Magnoliales,Annonaceae,Asimina,Asimina reticulata
340337865,533753896,cc-by-nc,https://inaturalist-open-data.s3.amazonaws.com/photos/533753896/square.jpg,https://inaturalist-open-data.s3.amazonaws.com/photos/533753896/medium.jpg,https://inaturalist-open-data.s3.amazonaws.com/photos/533753896/large.jpg,https://inaturalist-open-data.s3.amazonaws.com/photos/533753896/original.jpg,Vicia cracca,tufted vetch,species,cc-by-nc,research,https://www.inaturalist.org/observations/340337865,Prey,Pollination,Plantae,Tracheophyta,Magnoliopsida,Fabales,Fabaceae,Vicia,Vicia cracca
340337296,536341964,cc-by-nc,https://inaturalist-open-data.s3.amazonaws.com/photos/536341964/square.jpg,https://inaturalist-open-data.s3.amazonaws.com/photos/536341964/medium.jpg,https://inaturalist-open-data.s3.amazonaws.com/photos/536341964/large.jpg,https://inaturalist-open-data.s3.amazonaws.com/photos/536341964/original.jpg,Lotus corniculatus,bird's-foot trefoil,species,cc-by-nc,research,https://www.inaturalist.org/observations/340337296,Prey,Pollination,Plantae,Tracheophyta,Magnoliopsida,Fabales,Fabaceae,Lotus,Lotus corniculatus
340326193,619295159,cc-by-nc,https://inaturalist-open-data.s3.amazonaws.com/photos/619295159/square.jpg,https://inaturalist-open-data.s3.amazonaws.com/photos/619295159/medium.jpg,https://inaturalist-open-data.s3.amazonaws.com/photos/619295159/large.jpg,https://inaturalist-open-data.s3.amazonaws.com/photos/619295159/original.jpg,Diospyros virginiana,American persimmon,species,cc-by-nc,research,https://www.inaturalist.org/observations/340326193,Prey,Parasitism,Plantae,Tracheophyta,Magnoliopsida,Ericales,Ebenaceae,Diospyros,Diospyros virginiana
340271186,619190124,cc0,https://inaturalist-open-data.s3.amazonaws.com/photos/619190124/square.jpg,https://inaturalist-open-data.s3.amazonaws.com/photos/619190124/medium.jpg,https://inaturalist-open-data.s3.amazonaws.com/photos/619190124/large.jpg,https://inaturalist-open-data.s3.amazonaws.com/photos/619190124/original.jpg,Baccharis pilularis,coyote brush,species,cc-by,research,https://www.inaturalist.org/observations/340271186,Prey,Parasitism,Plantae,Tracheophyta,Magnoliopsida,Asterales,Asteraceae,Baccharis,Baccharis pilularis
340263466,619175705,cc-by-nc,https://inaturalist-open-data.s3.amazonaws.com/photos/619175705/square.jpg,https://inaturalist-open-data.s3.amazonaws.com/photos/619175705/medium.jpg,https://inaturalist-open-data.s3.amazonaws.com/photos/619175705/large.jpg,https://inaturalist-open-data.s3.amazonaws.com/photos/619175705/original.jpg,Cirsium ehrenbergii,red thistle,species,cc-by-nc,research,https://www.inaturalist.org/observations/340263466,Prey,Pollination,Plantae,Tracheophyta,Magnoliopsida,Asterales,Asteraceae,Cirsium,Cirsium ehrenbergii
