id,partner_ids,scientific_name,partner_scientific_name,url,partner_url
1031728,,Kobus ellipsiprymnus,,http://www.inaturalist.org/observations/1031728,
1133932,,Anthribinae,,http://www.inaturalist.org/observations/1133932,
1560560,,Pappea capensis,,http://www.inaturalist.org/observations/1560560,
4150874,,Zalophus californianus,,http://www.inaturalist.org/observations/4150874,
6048862,,Toxomerus geminatus,,https://www.inaturalist.org/observations/6048862,
8691364,,Chamaeleo dilepis,,https://www.inaturalist.org/observations/8691364,
9884371,,Regina grahamii,,https://www.inaturalist.org/observations/9884371,
9964169,,Tragelaphus oryx livingstonii,,https://www.inaturalist.org/observations/9964169,
10042362,,Polytoxon robustum,,https://www.inaturalist.org/observations/10042362,
10248122,,Ardea herodias,,https://www.inaturalist.org/observations/10248122,
10798943,,Leptotyphlops scutifrons,,https://www.inaturalist.org/observations/10798943,
11086957,,Urocyon cinereoargenteus,,https://www.inaturalist.org/observations/11086957,
11436874,,Diadophis punctatus,,https://www.inaturalist.org/observations/11436874,
12424336,,Junco hyemalis,,https://www.inaturalist.org/observations/12424336,
12799736,,Pycnonotus barbatus layardi,,https://www.inaturalist.org/observations/12799736,
13243479,,Ischnura verticalis,,https://www.inaturalist.org/observations/13243479,
13658828,,Falco rufigularis,,https://www.inaturalist.org/observations/13658828,
13659253,,Psarocolius montezuma,,https://www.inaturalist.org/observations/13659253,
15068248,,Icthyophaga vocifer,,https://www.inaturalist.org/observations/15068248,
15166420,,Ardea cinerea,,https://www.inaturalist.org/observations/15166420,
17397695,,Thamnophis sirtalis concinnus,,https://www.inaturalist.org/observations/17397695,
17775476,,Lampropeltis californiae,,https://www.inaturalist.org/observations/17775476,
18496989,,Streptopelia semitorquata,,https://www.inaturalist.org/observations/18496989,
18497275,,Phoeniculus purpureus,,https://www.inaturalist.org/observations/18497275,
19105615,,Halcyon albiventris albiventris,,https://www.inaturalist.org/observations/19105615,
19277382,,Ardea herodias,,https://www.inaturalist.org/observations/19277382,
19779398,,Necturus maculosus,,https://www.inaturalist.org/observations/19779398,
19975004,,Stenella coeruleoalba,,https://www.inaturalist.org/observations/19975004,
20053898,,Promachus,,https://www.inaturalist.org/observations/20053898,
20446947,,Galerucinae,,https://www.inaturalist.org/observations/20446947,
21218716,,Phoca vitulina,,https://www.inaturalist.org/observations/21218716,
21604712,,Popillia bipunctata,,https://www.inaturalist.org/observations/21604712,
22674420,,Corvus cornix,,https://www.inaturalist.org/observations/22674420,
22703181,,Heterostylum robustum,,https://www.inaturalist.org/observations/22703181,
24497247,,Hippotion eson,,https://www.inaturalist.org/observations/24497247,
26409231,,Phoca vitulina richardii,,https://www.inaturalist.org/observations/26409231,
28422596,,Colius striatus,,https://www.inaturalist.org/observations/28422596,
33084926,,Geococcyx californianus,,https://www.inaturalist.org/observations/33084926,
34861833,,Mergus merganser merganser,,https://www.inaturalist.org/observations/34861833,
35031137,,Giraffa giraffa giraffa,,https://www.inaturalist.org/observations/35031137,
35329095,,Macronectes,,https://www.inaturalist.org/observations/35329095,
38380451,,Lophodytes cucullatus,,https://www.inaturalist.org/observations/38380451,
39333480,,Larus marinus,,https://www.inaturalist.org/observations/39333480,
39420764,,Meloidae,,https://www.inaturalist.org/observations/39420764,
40101030,,Pelecanus occidentalis californicus,,https://www.inaturalist.org/observations/40101030,
41442047,,Crithagra gularis,,https://www.inaturalist.org/observations/41442047,
41532958,,Streptopelia semitorquata,,https://www.inaturalist.org/observations/41532958,
42752645,,Colius striatus,,https://www.inaturalist.org/observations/42752645,
43280150,,Chalcomitra senegalensis,,https://www.inaturalist.org/observations/43280150,
43287790,,Chalcomitra amethystina,,https://www.inaturalist.org/observations/43287790,
43288443,,Cinnyris manoensis,,https://www.inaturalist.org/observations/43288443,
44474278,,Phalacrocorax carbo,,https://www.inaturalist.org/observations/44474278,
45181524,,Mustela richardsonii,,https://www.inaturalist.org/observations/45181524,
45821977,,Pieris rapae,,https://www.inaturalist.org/observations/45821977,
46676935,,Sillago sihama,,https://www.inaturalist.org/observations/46676935,
46833536,,Chroicocephalus ridibundus,,https://www.inaturalist.org/observations/46833536,
46948135,,Elaiophis inornatus,,https://www.inaturalist.org/observations/46948135,
49771021,,Tachopteryx thoreyi,,https://www.inaturalist.org/observations/49771021,
50991174,,Astur melanoleucus,,https://www.inaturalist.org/observations/50991174,
51520773,,Alligator mississippiensis,,https://www.inaturalist.org/observations/51520773,
54726445,,Phidippus audax,,https://www.inaturalist.org/observations/54726445,
55455907,,Schizocosa,,https://www.inaturalist.org/observations/55455907,
56446294,,Promachus rufipes,,https://www.inaturalist.org/observations/56446294,
56778028,,Cuterebrinae,,https://www.inaturalist.org/observations/56778028,
58169637,,Myliobatis californica,,https://www.inaturalist.org/observations/58169637,
58875360,,Poales,,https://www.inaturalist.org/observations/58875360,
59061706,,Phymata pennsylvanica,,https://www.inaturalist.org/observations/59061706,
61550545,,Abramis brama,,https://www.inaturalist.org/observations/61550545,
62771388,,Micronisus gabar,,https://www.inaturalist.org/observations/62771388,
63392222,,Anas platyrhynchos,,https://www.inaturalist.org/observations/63392222,
63878519,,Maiella,,https://www.inaturalist.org/observations/63878519,
64303546,,Lasiocampidae,,https://www.inaturalist.org/observations/64303546,
65531187,,Lepidoptera,,https://www.inaturalist.org/observations/65531187,
65592969,,Canavalia bonariensis,,https://www.inaturalist.org/observations/65592969,
66045381,,Gryllidae,,https://www.inaturalist.org/observations/66045381,
66089540,,Actinopterygii,,https://www.inaturalist.org/observations/66089540,
66299186,,Oxyopes,,https://www.inaturalist.org/observations/66299186,
66318319,,Opisthacanthus capensis,,https://www.inaturalist.org/observations/66318319,
66318494,,Acrididae,,https://www.inaturalist.org/observations/66318494,
66333198,,Tetradactylus seps,,https://www.inaturalist.org/observations/66333198,
66368233,,Stachytarpheta jamaicensis,,https://www.inaturalist.org/observations/66368233,
66368233,,Stachytarpheta jamaicensis,,https://www.inaturalist.org/observations/66368233,
66368233,,Stachytarpheta jamaicensis,,https://www.inaturalist.org/observations/66368233,
66382521,,Halcyon albiventris albiventris,,https://www.inaturalist.org/observations/66382521,
66415917,,Pyracantha angustifolia,,https://www.inaturalist.org/observations/66415917,
66419503,,Syncerus caffer caffer,,https://www.inaturalist.org/observations/66419503,
66458766,,Asteraceae,,https://www.inaturalist.org/observations/66458766,
66472188,,Halcyon albiventris albiventris,,https://www.inaturalist.org/observations/66472188,
66472198,,Halcyon albiventris albiventris,,https://www.inaturalist.org/observations/66472198,
66475262,,Palystes,,https://www.inaturalist.org/observations/66475262,
66524108,,Coleoptera,,https://www.inaturalist.org/observations/66524108,
66531667,,Tagoropsis flavinata,,https://www.inaturalist.org/observations/66531667,
66569670,,Halcyon albiventris albiventris,,https://www.inaturalist.org/observations/66569670,
66570197,,Halcyon albiventris albiventris,,https://www.inaturalist.org/observations/66570197,
66614739,,Halcyon albiventris albiventris,,https://www.inaturalist.org/observations/66614739,
66615987,,Halcyon albiventris albiventris,,https://www.inaturalist.org/observations/66615987,
66618049,,Halcyon albiventris albiventris,,https://www.inaturalist.org/observations/66618049,
66657682,,Gryllidae,,https://www.inaturalist.org/observations/66657682,
66658012,,Tetradactylus seps,,https://www.inaturalist.org/observations/66658012,
66665624,,Gryllidae,,https://www.inaturalist.org/observations/66665624,
66672785,,Halcyon albiventris albiventris,,https://www.inaturalist.org/observations/66672785,
66674036,,Halcyon albiventris albiventris,,https://www.inaturalist.org/observations/66674036,
66695957,,Rhabdomys pumilio,,https://www.inaturalist.org/observations/66695957,
66703880,,Egybolis vaillantina,,https://www.inaturalist.org/observations/66703880,
66703880,,Egybolis vaillantina,,https://www.inaturalist.org/observations/66703880,
66720831,,Apis mellifera,,https://www.inaturalist.org/observations/66720831,
66722255,,Halcyon albiventris albiventris,,https://www.inaturalist.org/observations/66722255,
66736479,,Halcyon albiventris albiventris,,https://www.inaturalist.org/observations/66736479,
66739410,,Gryllidae,,https://www.inaturalist.org/observations/66739410,
66741951,,Gryllidae,,https://www.inaturalist.org/observations/66741951,
66774855,,Gryllotalpa,,https://www.inaturalist.org/observations/66774855,
66781731,,Tetradactylus seps,,https://www.inaturalist.org/observations/66781731,
66782031,,Tetradactylus seps,,https://www.inaturalist.org/observations/66782031,
66820927,,Halcyon albiventris albiventris,,https://www.inaturalist.org/observations/66820927,
66822468,,Halcyon albiventris albiventris,,https://www.inaturalist.org/observations/66822468,
66825692,,Coreidae,,https://www.inaturalist.org/observations/66825692,
66884325,,Halcyon albiventris albiventris,,https://www.inaturalist.org/observations/66884325,
66884689,,Pegylis sommeri,,https://www.inaturalist.org/observations/66884689,
66925151,,Potamonautes barbarai,,https://www.inaturalist.org/observations/66925151,
66952681,,Gryllidae,,https://www.inaturalist.org/observations/66952681,
66969089,,Java caroliwaterhousei,,https://www.inaturalist.org/observations/66969089,
66969542,,Scarabaeidae,,https://www.inaturalist.org/observations/66969542,
66989918,,Fulica americana,,https://www.inaturalist.org/observations/66989918,
67032162,,Halcyon albiventris albiventris,,https://www.inaturalist.org/observations/67032162,
67032302,,Noctuidae,,https://www.inaturalist.org/observations/67032302,
67045306,,Gryllidae,,https://www.inaturalist.org/observations/67045306,
67045523,,Bradypodion damaranum,,https://www.inaturalist.org/observations/67045523,
67070111,,Halcyon albiventris albiventris,,https://www.inaturalist.org/observations/67070111,
67070166,,Halcyon albiventris albiventris,,https://www.inaturalist.org/observations/67070166,
67084160,,Spilostethus hospes,,https://www.inaturalist.org/observations/67084160,
67090531,,Halcyon albiventris albiventris,,https://www.inaturalist.org/observations/67090531,
67090884,,Halcyon albiventris albiventris,,https://www.inaturalist.org/observations/67090884,
67091040,,Halcyon albiventris albiventris,,https://www.inaturalist.org/observations/67091040,
67117248,,Noctuidae,,https://www.inaturalist.org/observations/67117248,
67117576,,Gryllidae,,https://www.inaturalist.org/observations/67117576,
67119132,,Gryllidae,,https://www.inaturalist.org/observations/67119132,
67121409,,Gryllidae,,https://www.inaturalist.org/observations/67121409,
67121661,,Gryllidae,,https://www.inaturalist.org/observations/67121661,
67121775,,Gryllidae,,https://www.inaturalist.org/observations/67121775,
67121869,,Acanthacris ruficornis,,https://www.inaturalist.org/observations/67121869,
67267473,,Acanthis flammea flammea,,https://www.inaturalist.org/observations/67267473,
67351556,,Thomisus,,https://www.inaturalist.org/observations/67351556,
67549873,,Gibbonsia,,https://www.inaturalist.org/observations/67549873,
67872521,,Stercorarius longicaudus,,https://www.inaturalist.org/observations/67872521,
68417061,,Egybolis vaillantina,,https://www.inaturalist.org/observations/68417061,
68456389,,Gardenia volkensii,,https://www.inaturalist.org/observations/68456389,
68517558,,Mantodea,,https://www.inaturalist.org/observations/68517558,
68552032,,Syncerus caffer caffer,,https://www.inaturalist.org/observations/68552032,
68649678,,Arctiini,,https://www.inaturalist.org/observations/68649678,
69407175,,Lepidoptera,,https://www.inaturalist.org/observations/69407175,
69551988,,Hemidactylus mabouia,,https://www.inaturalist.org/observations/69551988,
69764840,,Thomisus,,https://www.inaturalist.org/observations/69764840,
69813224,,Thomisus,,https://www.inaturalist.org/observations/69813224,
69819023,,Anilius scytale,,https://www.inaturalist.org/observations/69819023,
70602651,,Zosterops virens capensis,,https://www.inaturalist.org/observations/70602651,
70605112,,Locris,,https://www.inaturalist.org/observations/70605112,
70667622,,Ceriagrion glabrum,,https://www.inaturalist.org/observations/70667622,
70979907,,Securigera varia,,https://www.inaturalist.org/observations/70979907,
70999137,,Kalmia latifolia,,https://www.inaturalist.org/observations/70999137,
71427317,,Laniarius ferrugineus ferrugineus,,https://www.inaturalist.org/observations/71427317,
71494520,,Junonia orithya madagascariensis,,https://www.inaturalist.org/observations/71494520,
71702555,,Ceriagrion glabrum,,https://www.inaturalist.org/observations/71702555,
72013016,,Erebidae,,https://www.inaturalist.org/observations/72013016,
72616585,,Telchinia serena,,https://www.inaturalist.org/observations/72616585,
72616592,,Anthene amarah amarah,,https://www.inaturalist.org/observations/72616592,
72616644,,Euproctis straminicolor,,https://www.inaturalist.org/observations/72616644,
73306299,,Bradypodion damaranum,,https://www.inaturalist.org/observations/73306299,
73492385,,Hopliini,,https://www.inaturalist.org/observations/73492385,
74664541,,Zerenopsis lepida,,https://www.inaturalist.org/observations/74664541,
74924427,,Synema,,https://www.inaturalist.org/observations/74924427,
77860188,,Anthophila,,https://www.inaturalist.org/observations/77860188,
88208630,,Efferia albibarbis,,https://www.inaturalist.org/observations/88208630,
89549463,,Nyssa sylvatica,,https://www.inaturalist.org/observations/89549463,
90581129,,Enallagma,,https://www.inaturalist.org/observations/90581129,
92394534,,Giraffa giraffa giraffa,,https://www.inaturalist.org/observations/92394534,
92928170,,Spermestes bicolor nigriceps,,https://www.inaturalist.org/observations/92928170,
94671271,,Erythemis simplicicollis,,https://www.inaturalist.org/observations/94671271,
94778694,,Boisea trivittata,,https://www.inaturalist.org/observations/94778694,
96732137,,Anolis equestris,,https://www.inaturalist.org/observations/96732137,
101447157,,Branta hutchinsii,,https://www.inaturalist.org/observations/101447157,
101592881,,Balaenoptera borealis,,https://www.inaturalist.org/observations/101592881,
101973909,,Actinopterygii,,https://www.inaturalist.org/observations/101973909,
102363341,,Ascotis reciprocaria,,https://www.inaturalist.org/observations/102363341,
103322849,,Mimus polyglottos,,https://www.inaturalist.org/observations/103322849,
103519418,,Causus rhombeatus,,https://www.inaturalist.org/observations/103519418,
103821408,,Massagris honesta,,https://www.inaturalist.org/observations/103821408,
104416197,,Tortricidae,,https://www.inaturalist.org/observations/104416197,
104560225,,Cleptria,,https://www.inaturalist.org/observations/104560225,
104581250,,Pandion haliaetus,,https://www.inaturalist.org/observations/104581250,
105417298,,Miotopus diversus,,https://www.inaturalist.org/observations/105417298,
105605357,,Badumna longinqua,,https://www.inaturalist.org/observations/105605357,
105723269,,Larus marinus,,https://www.inaturalist.org/observations/105723269,
105836264,,Evarcha,,https://www.inaturalist.org/observations/105836264,
106003833,,Vespula alascensis,,https://www.inaturalist.org/observations/106003833,
106004036,,Aedes melanimon,,https://www.inaturalist.org/observations/106004036,
108791040,,Agriocnemis pygmaea,,https://www.inaturalist.org/observations/108791040,
110022128,,Erigeron canadensis,,https://www.inaturalist.org/observations/110022128,
111963712,,Peromyscus,,https://www.inaturalist.org/observations/111963712,
112910966,,Oroperipatus,,https://www.inaturalist.org/observations/112910966,
115485556,,Melikaiella tumifica,,https://www.inaturalist.org/observations/115485556,
115739237,,Brachystegia spiciformis,,https://www.inaturalist.org/observations/115739237,
115740683,,Pheidole,,https://www.inaturalist.org/observations/115740683,
116633775,,Galeocerdo cuvier,,https://www.inaturalist.org/observations/116633775,
117538110,,Arigomphus pallidus,,https://www.inaturalist.org/observations/117538110,
117560812,,Megascapheus bottae,,https://www.inaturalist.org/observations/117560812,
118438686,,Masticophis lateralis lateralis,,https://www.inaturalist.org/observations/118438686,
121273501,,Dromogomphus spoliatus,,https://www.inaturalist.org/observations/121273501,
124060217,,Andrenosoma hesperium,,https://www.inaturalist.org/observations/124060217,
126996350,,Ceresini,,https://www.inaturalist.org/observations/126996350,
129519294,,Falco tinnunculus,,https://www.inaturalist.org/observations/129519294,
129630003,,Promachus rufipes,,https://www.inaturalist.org/observations/129630003,
130021702,,Asimina pygmaea,,https://www.inaturalist.org/observations/130021702,
130071766,,Sphex,,https://www.inaturalist.org/observations/130071766,
130884309,,Scolopendra multidens,,https://www.inaturalist.org/observations/130884309,
131106142,,Triorla interrupta,,https://www.inaturalist.org/observations/131106142,
131312412,,Lophaetus occipitalis,,https://www.inaturalist.org/observations/131312412,
132847360,,Oecophylla smaragdina,,https://www.inaturalist.org/observations/132847360,
134161862,,Nihonhimea,,https://www.inaturalist.org/observations/134161862,
135318354,,Zelus renardii,,https://www.inaturalist.org/observations/135318354,
135598039,,Larus marinus,,https://www.inaturalist.org/observations/135598039,
136164700,,Thomisus,,https://www.inaturalist.org/observations/136164700,
137500000,,Thomisus,,https://www.inaturalist.org/observations/137500000,
137503815,,Ommatius,,https://www.inaturalist.org/observations/137503815,
137889728,,Lepidoptera,,https://www.inaturalist.org/observations/137889728,
138402656,,Erebidae,,https://www.inaturalist.org/observations/138402656,
138765927,,Pseudocrenilabrinae,,https://www.inaturalist.org/observations/138765927,
138821874,,Carphophis amoenus,,https://www.inaturalist.org/observations/138821874,
139026177,,Fagus sylvatica,,https://www.inaturalist.org/observations/139026177,
140412552,,Carduelis carduelis,,https://www.inaturalist.org/observations/140412552,
141247926,,Gonimbrasia belina,,https://www.inaturalist.org/observations/141247926,
142489380,,Varanus niloticus,,https://www.inaturalist.org/observations/142489380,
143086529,,Panthera leo melanochaita,,https://www.inaturalist.org/observations/143086529,
143093982,,Polemaetus bellicosus,,https://www.inaturalist.org/observations/143093982,
143112939,,Serranochromis,,https://www.inaturalist.org/observations/143112939,
144541202,,Cypriniformes,,https://www.inaturalist.org/observations/144541202,
145447563,,Podilymbus podiceps,,https://www.inaturalist.org/observations/145447563,
146406672,,Crematogaster,,https://www.inaturalist.org/observations/146406672,
146658103,,Thamnophis proximus orarius,,https://www.inaturalist.org/observations/146658103,
146665015,,Opheodrys aestivus,,https://www.inaturalist.org/observations/146665015,
147819800,,Thalassarche bulleri bulleri,,https://www.inaturalist.org/observations/147819800,
152304222,,Thamnophis ordinoides,,https://www.inaturalist.org/observations/152304222,
153554072,,Mylothris agathina,,https://www.inaturalist.org/observations/153554072,
154580263,,Zonotrichia leucophrys,,https://www.inaturalist.org/observations/154580263,
156949328,,Tamala palustris,,https://www.inaturalist.org/observations/156949328,
157127806,,Muscoidea,,https://www.inaturalist.org/observations/157127806,
159832640,,Heliopetes laviana,,https://www.inaturalist.org/observations/159832640,
166877010,,Diadophis punctatus amabilis,,https://www.inaturalist.org/observations/166877010,
170534115,,Lithurgopsis apicalis,,https://www.inaturalist.org/observations/170534115,
170622827,,Larus marinus,,https://www.inaturalist.org/observations/170622827,
172564154,,Euodynerus pratensis,,https://www.inaturalist.org/observations/172564154,
173734314,,Globimetula mweroensis,,https://www.inaturalist.org/observations/173734314,
173861262,,Eratigena inermis,,https://www.inaturalist.org/observations/173861262,
175147687,,Sonchus arvensis,,https://www.inaturalist.org/observations/175147687,
175432591,,Lerodea eufala,,https://www.inaturalist.org/observations/175432591,
176455112,,Polypedates leucomystax,,https://www.inaturalist.org/observations/176455112,
177800648,,Eriophora edax,,https://www.inaturalist.org/observations/177800648,
179038572,,Bombus impatiens,,https://www.inaturalist.org/observations/179038572,
179492965,,Pantala flavescens,,https://www.inaturalist.org/observations/179492965,
180538010,,Xenox tigrinus,,https://www.inaturalist.org/observations/180538010,
181538975,,Mallotus villosus,,https://www.inaturalist.org/observations/181538975,
182667805,,Asimina triloba,,https://www.inaturalist.org/observations/182667805,
183232482,,Polistes,,https://www.inaturalist.org/observations/183232482,
184926585,,Xysticus,,https://www.inaturalist.org/observations/184926585,
184964528,,Protobothrops mucrosquamatus,,https://www.inaturalist.org/observations/184964528,
185112131,,Steatoda triangulosa,,https://www.inaturalist.org/observations/185112131,
187669540,,Carcharodon carcharias,,https://www.inaturalist.org/observations/187669540,
188687300,,Cardinalis cardinalis,,https://www.inaturalist.org/observations/188687300,
188704747,,Apis mellifera,,https://www.inaturalist.org/observations/188704747,
188778853,,Canis latrans,,https://www.inaturalist.org/observations/188778853,
188779770,,Cassida rubiginosa,,https://www.inaturalist.org/observations/188779770,
189005055,,Alysiinae,,https://www.inaturalist.org/observations/189005055,
190209828,,Ephialtini,,https://www.inaturalist.org/observations/190209828,
190414287,,Larus marinus,,https://www.inaturalist.org/observations/190414287,
190936204,,Crotophaga sulcirostris,,https://www.inaturalist.org/observations/190936204,
191046621,,Asilinae,,https://www.inaturalist.org/observations/191046621,
191525417,,Eudocimus albus,,https://www.inaturalist.org/observations/191525417,
193135468,,Turdus merula,,https://www.inaturalist.org/observations/193135468,
193688811,,Promachus,,https://www.inaturalist.org/observations/193688811,
194185204,,Life,,https://www.inaturalist.org/observations/194185204,
194285202,,Sturnus vulgaris,,https://www.inaturalist.org/observations/194285202,
194585859,,Junco hyemalis,,https://www.inaturalist.org/observations/194585859,
194777359,,Parakontikia ventrolineata,,https://www.inaturalist.org/observations/194777359,
195248164,,Passiflora pallida,,https://www.inaturalist.org/observations/195248164,
195342844,,Ocimum,,https://www.inaturalist.org/observations/195342844,
195385873,,Euglossa dilemma,,https://www.inaturalist.org/observations/195385873,
195398519,,Passiflora tenuiloba,,https://www.inaturalist.org/observations/195398519,
196659580,,Aphididae,,https://www.inaturalist.org/observations/196659580,
196927062,,Neomonachus schauinslandi,,https://www.inaturalist.org/observations/196927062,
197156415,,Isistius brasiliensis,,https://www.inaturalist.org/observations/197156415,
197901604,,Alligator mississippiensis,,https://www.inaturalist.org/observations/197901604,
198131002,,Icerya purchasi,,https://www.inaturalist.org/observations/198131002,
198198512,,Branta leucopsis,,https://www.inaturalist.org/observations/198198512,
198392863,,Harmonia axyridis,,https://www.inaturalist.org/observations/198392863,
198626121,,Corvus splendens,,https://www.inaturalist.org/observations/198626121,
198669694,,Anolis carolinensis,,https://www.inaturalist.org/observations/198669694,
199201078,,Ceriagrion coromandelianum,,https://www.inaturalist.org/observations/199201078,
199980033,,Gasteracantha geminata,,https://www.inaturalist.org/observations/199980033,
200592295,,Lythrum salicaria,,https://www.inaturalist.org/observations/200592295,
201148384,,Zonotrichia albicollis,,https://www.inaturalist.org/observations/201148384,
201309341,,Lupinus polyphyllus,,https://www.inaturalist.org/observations/201309341,
202455347,,Rana arvalis,,https://www.inaturalist.org/observations/202455347,
202755623,,Dione vanillae,,https://www.inaturalist.org/observations/202755623,
204331052,,Rhyzobius lophanthae,,https://www.inaturalist.org/observations/204331052,
204736666,,Apis mellifera,,https://www.inaturalist.org/observations/204736666,
206509548,,Oligocottus maculosus,,https://www.inaturalist.org/observations/206509548,
206816084,,Corvus cornix,,https://www.inaturalist.org/observations/206816084,
207313358,,Pocadius fulvipennis,,https://www.inaturalist.org/observations/207313358,
209230070,,Sclerophrys capensis,,https://www.inaturalist.org/observations/209230070,
209834611,,Bombus huntii,,https://www.inaturalist.org/observations/209834611,
212328159,,Turdus migratorius,,https://www.inaturalist.org/observations/212328159,
213487082,,Larus occidentalis,,https://www.inaturalist.org/observations/213487082,
213581476,,Chrysomya megacephala,,https://www.inaturalist.org/observations/213581476,
215460637,,Somateria mollissima,,https://www.inaturalist.org/observations/215460637,
215891367,,Oedemera nobilis,,https://www.inaturalist.org/observations/215891367,
217278644,,Cantharis livida,,https://www.inaturalist.org/observations/217278644,
217812347,,Paratrechina,,https://www.inaturalist.org/observations/217812347,
218040172,,Limenitis lorquini,,https://www.inaturalist.org/observations/218040172,
218389724,,Natrix natrix,,https://www.inaturalist.org/observations/218389724,
218593286,,Pachyrhamma edwardsii,,https://www.inaturalist.org/observations/218593286,
218766533,,Larus delawarensis,,https://www.inaturalist.org/observations/218766533,
219079133,,Latrodectus geometricus,,https://www.inaturalist.org/observations/219079133,
219443470,,Bombus huntii,,https://www.inaturalist.org/observations/219443470,
220280246,,Salticus scenicus,,https://www.inaturalist.org/observations/220280246,
220610614,,Harmonia axyridis,,https://www.inaturalist.org/observations/220610614,
221595103,,Condylostylus,,https://www.inaturalist.org/observations/221595103,
222177908,,Psyllobora,,https://www.inaturalist.org/observations/222177908,
222256557,,Sphodronyttus schultzei,,https://www.inaturalist.org/observations/222256557,
222408648,,Aceria theospyri,,https://www.inaturalist.org/observations/222408648,
222556172,,Cepphus columba,,https://www.inaturalist.org/observations/222556172,
223784201,,Xysticus cristatus,,https://www.inaturalist.org/observations/223784201,
224277024,,Larus dominicanus dominicanus,,https://www.inaturalist.org/observations/224277024,
224618053,,Persicaria perfoliata,,https://www.inaturalist.org/observations/224618053,
227018986,,Grammoptera subargentata,,https://www.inaturalist.org/observations/227018986,
227019169,,Strangalepta abbreviata,,https://www.inaturalist.org/observations/227019169,
227019278,,Strangalepta abbreviata,,https://www.inaturalist.org/observations/227019278,
227019606,,Pidonia vibex,,https://www.inaturalist.org/observations/227019606,
227551206,,Sarcinodes reductatus manfredi,,https://www.inaturalist.org/observations/227551206,
227610997,,Melolonthinae,,https://www.inaturalist.org/observations/227610997,
227706101,,Lepidoptera,,https://www.inaturalist.org/observations/227706101,
228519935,,Stercorarius longicaudus,,https://www.inaturalist.org/observations/228519935,
228735388,,Diospyros virginiana,,https://www.inaturalist.org/observations/228735388,
228945156,,Istocheta aldrichi,,https://www.inaturalist.org/observations/228945156,
229177398,,Drosophilidae,,https://www.inaturalist.org/observations/229177398,
229177400,,Monomorium minimum,,https://www.inaturalist.org/observations/229177400,
229177402,,Fungi,,https://www.inaturalist.org/observations/229177402,
229177405,,Carpophilinae,,https://www.inaturalist.org/observations/229177405,
229177408,,Arthropoda,,https://www.inaturalist.org/observations/229177408,
229177410,,Drosophila,,https://www.inaturalist.org/observations/229177410,
229177412,,Culex,,https://www.inaturalist.org/observations/229177412,
229177413,,Tapinoma,,https://www.inaturalist.org/observations/229177413,
229177419,,Lepidoptera,,https://www.inaturalist.org/observations/229177419,
229502750,,Apis mellifera,,https://www.inaturalist.org/observations/229502750,
229502767,,Apis mellifera,,https://www.inaturalist.org/observations/229502767,
229872202,,Pieris napi,,https://www.inaturalist.org/observations/229872202,
229884813,,Phymatocera aterrima,,https://www.inaturalist.org/observations/229884813,
230072131,,Formicidae,,https://www.inaturalist.org/observations/230072131,
230710974,,Rhagonycha fulva,,https://www.inaturalist.org/observations/230710974,
231007344,,Bombus lucorum,,https://www.inaturalist.org/observations/231007344,
231347605,,Larus glaucescens,,https://www.inaturalist.org/observations/231347605,
232032703,,Apis mellifera,,https://www.inaturalist.org/observations/232032703,
232273131,,Apis mellifera,,https://www.inaturalist.org/observations/232273131,
232511081,,Hymenoptera,,https://www.inaturalist.org/observations/232511081,
233317238,,Melanostoma scalare,,https://www.inaturalist.org/observations/233317238,
233410404,,Lasioglossum,,https://www.inaturalist.org/observations/233410404,
233594471,,Synhalonia,,https://www.inaturalist.org/observations/233594471,
233677683,,Larus argentatus,,https://www.inaturalist.org/observations/233677683,
233878941,,Acari,,https://www.inaturalist.org/observations/233878941,
233978937,,Rhagonycha fulva,,https://www.inaturalist.org/observations/233978937,
234088744,,Tamias striatus,,https://www.inaturalist.org/observations/234088744,
236399185,,Apis mellifera,,https://www.inaturalist.org/observations/236399185,
236708325,,Nomia,,https://www.inaturalist.org/observations/236708325,
237909807,,Bombus pascuorum,,https://www.inaturalist.org/observations/237909807,
237909815,,Bombus,,https://www.inaturalist.org/observations/237909815,
238377931,,Bombus,,https://www.inaturalist.org/observations/238377931,
238960184,,Larus marinus,,https://www.inaturalist.org/observations/238960184,
239416478,,Peucetia viridans,,https://www.inaturalist.org/observations/239416478,
239425588,,Psilopogon asiaticus davisoni,,https://www.inaturalist.org/observations/239425588,
239425599,,Psilopogon franklinii ramsayi,,https://www.inaturalist.org/observations/239425599,
239425600,,Chloropsis sonnerati zosterops,,https://www.inaturalist.org/observations/239425600,
239609654,,Anolis carolinensis,,https://www.inaturalist.org/observations/239609654,
240193716,,Lepidoptera,,https://www.inaturalist.org/observations/240193716,
240618148,,Trimeresurus sumatranus,,https://www.inaturalist.org/observations/240618148,
242086914,,Eulophinae,,https://www.inaturalist.org/observations/242086914,
242292770,,Phytolacca americana,,https://www.inaturalist.org/observations/242292770,
243199937,,Leptodeira rhombifera,,https://www.inaturalist.org/observations/243199937,
243892134,,Vanilla planifolia,,https://www.inaturalist.org/observations/243892134,
244947651,,Fagus grandifolia,,https://www.inaturalist.org/observations/244947651,
247933877,,Psilopogon lineatus hodgsoni,,https://www.inaturalist.org/observations/247933877,
248091179,,Acridotheres tristis tristis,,https://www.inaturalist.org/observations/248091179,
248091180,,Callosciurus finlaysonii,,https://www.inaturalist.org/observations/248091180,
248423324,,Phlaeothripidae,,https://www.inaturalist.org/observations/248423324,
248429288,,Treron bicinctus bicinctus,,https://www.inaturalist.org/observations/248429288,
248570093,,Valanga nigricornis,,https://www.inaturalist.org/observations/248570093,
248570671,,Apis florea,,https://www.inaturalist.org/observations/248570671,
248574050,,Apis florea,,https://www.inaturalist.org/observations/248574050,
249265616,,Diospyros virginiana,,https://www.inaturalist.org/observations/249265616,
250336195,,Oncopeltus fasciatus,,https://www.inaturalist.org/observations/250336195,
251110877,,Sparassidae,,https://www.inaturalist.org/observations/251110877,
251125456,,Bombus,,https://www.inaturalist.org/observations/251125456,
251234058,,Leptodactylus macrosternum,,https://www.inaturalist.org/observations/251234058,
251720341,,Vertebrata,,https://www.inaturalist.org/observations/251720341,
251808998,,Oxythyrea funesta,,https://www.inaturalist.org/observations/251808998,
251809002,,Bombus pascuorum,,https://www.inaturalist.org/observations/251809002,
251809005,,Bombus,,https://www.inaturalist.org/observations/251809005,
252167760,,Larus argentatus,,https://www.inaturalist.org/observations/252167760,
253306789,,Psychidae,,https://www.inaturalist.org/observations/253306789,
253478221,,Phalacrocorax carbo,,https://www.inaturalist.org/observations/253478221,
253603145,,Ammophila,,https://www.inaturalist.org/observations/253603145,
253858094,,Peripatopsis,,https://www.inaturalist.org/observations/253858094,
254018977,,Pelobatrachus kobayashii,,https://www.inaturalist.org/observations/254018977,
254153553,,Hemigrapsus oregonensis,,https://www.inaturalist.org/observations/254153553,
254228092,,Ammophila,,https://www.inaturalist.org/observations/254228092,
254732478,,Melanerpes lewis,,https://www.inaturalist.org/observations/254732478,
255244228,,Leptocottus armatus,,https://www.inaturalist.org/observations/255244228,
255381547,,Ammophila,,https://www.inaturalist.org/observations/255381547,
255907993,,Uroleucon,,https://www.inaturalist.org/observations/255907993,
256576795,,Podiceps auritus,,https://www.inaturalist.org/observations/256576795,
256577171,,Larus marinus,,https://www.inaturalist.org/observations/256577171,
256649712,,Zamenis longissimus,,https://www.inaturalist.org/observations/256649712,
256658857,,Salticus scenicus,,https://www.inaturalist.org/observations/256658857,
256659880,,Merodon equestris,,https://www.inaturalist.org/observations/256659880,
256778364,,Zygaena loti,,https://www.inaturalist.org/observations/256778364,
256778366,,Tychiini,,https://www.inaturalist.org/observations/256778366,
256780793,,Coccophaginae,,https://www.inaturalist.org/observations/256780793,
259274626,,Cepphus grylle,,https://www.inaturalist.org/observations/259274626,
259450730,,Anolis roquet,,https://www.inaturalist.org/observations/259450730,
259691087,,Microtus agrestis,,https://www.inaturalist.org/observations/259691087,
260628596,,Oxyopes salticus,,https://www.inaturalist.org/observations/260628596,
261237176,,Presbytis robinsoni,,https://www.inaturalist.org/observations/261237176,
261633145,,Philodromus,,https://www.inaturalist.org/observations/261633145,
262397677,,Volucella zonaria,,https://www.inaturalist.org/observations/262397677,
263076809,,Corvus cornix cornix,,https://www.inaturalist.org/observations/263076809,
263371586,,Lon zabulon,,https://www.inaturalist.org/observations/263371586,
263423395,,Larus michahellis,,https://www.inaturalist.org/observations/263423395,
263800961,,Ciconia ciconia,,https://www.inaturalist.org/observations/263800961,
264023763,,Podiceps cristatus,,https://www.inaturalist.org/observations/264023763,
264049389,,Forficula mediterranea,,https://www.inaturalist.org/observations/264049389,
265333748,,Lophodytes cucullatus,,https://www.inaturalist.org/observations/265333748,
265333749,,Ondatra zibethicus,,https://www.inaturalist.org/observations/265333749,
265606031,,Leptodactylus bolivianus,,https://www.inaturalist.org/observations/265606031,
269416125,,Dendroaspis polylepis,,https://www.inaturalist.org/observations/269416125,
270794638,,Cermatulus nasalis,,https://www.inaturalist.org/observations/270794638,
272345315,,Acridotheres tristis,,https://www.inaturalist.org/observations/272345315,
273874522,,Aloidendron barberae,,https://www.inaturalist.org/observations/273874522,
273874522,,Aloidendron barberae,,https://www.inaturalist.org/observations/273874522,
273874522,,Aloidendron barberae,,https://www.inaturalist.org/observations/273874522,
274516923,,Moltena fiara,,https://www.inaturalist.org/observations/274516923,
277881287,,Mexigonus,,https://www.inaturalist.org/observations/277881287,
278838810,,Pyrobombus,,https://www.inaturalist.org/observations/278838810,
279630215,,Zorocrates,,https://www.inaturalist.org/observations/279630215,
279859888,,Insecta,,https://www.inaturalist.org/observations/279859888,
280157610,,Dermestes undulatus,,https://www.inaturalist.org/observations/280157610,
280157699,,Diptera,,https://www.inaturalist.org/observations/280157699,
280190573,,Barbarea vulgaris,,https://www.inaturalist.org/observations/280190573,
281136821,,Pyraloidea,,https://www.inaturalist.org/observations/281136821,
281500647,,Aphidinae,,https://www.inaturalist.org/observations/281500647,
283373176,,Rhopalosiphum maidis,,https://www.inaturalist.org/observations/283373176,
283386348,,Dieuches,,https://www.inaturalist.org/observations/283386348,
283392635,,Carpophilus hemipterus,,https://www.inaturalist.org/observations/283392635,
283414486,,Peregrinus maidis,,https://www.inaturalist.org/observations/283414486,
283499883,,Drosophila immigrans,,https://www.inaturalist.org/observations/283499883,
283507505,,Drosophila immigrans,,https://www.inaturalist.org/observations/283507505,
283633460,,Nezara viridula,,https://www.inaturalist.org/observations/283633460,
284189501,,Pegomya,,https://www.inaturalist.org/observations/284189501,
284468423,,Pheidole parva,,https://www.inaturalist.org/observations/284468423,
285277062,,Pterygota,,https://www.inaturalist.org/observations/285277062,
285490498,,Ctenoplusia limbirena,,https://www.inaturalist.org/observations/285490498,
285935057,,Quercus rubra,,https://www.inaturalist.org/observations/285935057,
286253661,,Acanthoplus discoidalis,,https://www.inaturalist.org/observations/286253661,
286433406,,Larus glaucescens,,https://www.inaturalist.org/observations/286433406,
286977151,,Hydrachnidia,,https://www.inaturalist.org/observations/286977151,
287224705,,Pucciniales,,https://www.inaturalist.org/observations/287224705,
287224707,,Insecta,,https://www.inaturalist.org/observations/287224707,
288092421,,Microgastrinae,,https://www.inaturalist.org/observations/288092421,
288100638,,Chalcidoidea,,https://www.inaturalist.org/observations/288100638,
288164916,,Compsotata elegantissima,,https://www.inaturalist.org/observations/288164916,
288170989,,Compsotata elegantissima,,https://www.inaturalist.org/observations/288170989,
288747096,,Vespula maculifrons,,https://www.inaturalist.org/observations/288747096,
288747097,,Arthropoda,,https://www.inaturalist.org/observations/288747097,
288755246,,Vespa crabro,,https://www.inaturalist.org/observations/288755246,
288755303,,Musca,,https://www.inaturalist.org/observations/288755303,
288755304,,Cucujiformia,,https://www.inaturalist.org/observations/288755304,
288755323,,Tapinoma sessile,,https://www.inaturalist.org/observations/288755323,
288755324,,Heterotermitidae,,https://www.inaturalist.org/observations/288755324,
288755325,,Monomorium minimum,,https://www.inaturalist.org/observations/288755325,
288755343,,Sylvilagus,,https://www.inaturalist.org/observations/288755343,
289405740,,Agromyzidae,,https://www.inaturalist.org/observations/289405740,
289667476,,Aceria theospyri,,https://www.inaturalist.org/observations/289667476,
289890784,,Alcedo atthis,,https://www.inaturalist.org/observations/289890784,
290433306,,Asilinae,,https://www.inaturalist.org/observations/290433306,
290566529,,Reithrodontomys megalotis,,https://www.inaturalist.org/observations/290566529,
291383149,,Salticidae,,https://www.inaturalist.org/observations/291383149,
291530913,,Anguilla anguilla,,https://www.inaturalist.org/observations/291530913,
291540585,,Rhynchium haemorrhoidale,,https://www.inaturalist.org/observations/291540585,
291682789,,Eulaema polychroma,,https://www.inaturalist.org/observations/291682789,
291692681,,Hemiptera,,https://www.inaturalist.org/observations/291692681,
292513499,,Epargyreus clarus,,https://www.inaturalist.org/observations/292513499,
292513504,,Ancyloxypha numitor,,https://www.inaturalist.org/observations/292513504,
293200641,,Seladonia,,https://www.inaturalist.org/observations/293200641,
296059363,,Pseudocercospora fuliginosa,,https://www.inaturalist.org/observations/296059363,
297464598,,Pepsis mildei,,https://www.inaturalist.org/observations/297464598,
297845153,,Solanum melongena,,https://www.inaturalist.org/observations/297845153,
298179716,,Neocicada hieroglyphica,,https://www.inaturalist.org/observations/298179716,
299490125,,Harpactorini,,https://www.inaturalist.org/observations/299490125,
299923923,,Aculus tetanothrix,,https://www.inaturalist.org/observations/299923923,
299924267,,Chaitophorus,,https://www.inaturalist.org/observations/299924267,
299924523,,Harmonia axyridis,,https://www.inaturalist.org/observations/299924523,
299975496,,Paraphidippus aurantius,,https://www.inaturalist.org/observations/299975496,
300334018,,Oncorhynchus,,https://www.inaturalist.org/observations/300334018,
300563704,,Aceria theospyri,,https://www.inaturalist.org/observations/300563704,
301546142,,Glaucomys oregonensis,,https://www.inaturalist.org/observations/301546142,
301775175,,Solanum melongena,,https://www.inaturalist.org/observations/301775175,
302015939,,Pseudocercospora fuliginosa,,https://www.inaturalist.org/observations/302015939,
302141921,,Lepidoptera,,https://www.inaturalist.org/observations/302141921,
302227614,,Melospiza melodia,,https://www.inaturalist.org/observations/302227614,
302445369,,Diospyros virginiana,,https://www.inaturalist.org/observations/302445369,
304287935,,Colaptes auratus,,https://www.inaturalist.org/observations/304287935,
304288240,,Sciurus carolinensis,,https://www.inaturalist.org/observations/304288240,
304457160,,Synema marlothi,,https://www.inaturalist.org/observations/304457160,
305107618,,Lon zabulon,,https://www.inaturalist.org/observations/305107618,
305107823,,Epargyreus clarus,,https://www.inaturalist.org/observations/305107823,
305240910,,Phyllosticta asiminae,,https://www.inaturalist.org/observations/305240910,
305918192,,Diogmites neoternatus,,https://www.inaturalist.org/observations/305918192,
306060128,,Danaus plexippus,,https://www.inaturalist.org/observations/306060128,
306103618,,Gnophaela vermiculata,,https://www.inaturalist.org/observations/306103618,
307754609,,Diospyros virginiana,,https://www.inaturalist.org/observations/307754609,
308287177,,Diospyros virginiana,,https://www.inaturalist.org/observations/308287177,
308542062,,Pseudocercospora fuliginosa,,https://www.inaturalist.org/observations/308542062,
309066970,,Myrmeleon,,https://www.inaturalist.org/observations/309066970,
309822758,,Peucetia viridans,,https://www.inaturalist.org/observations/309822758,
310567528,,Trachemys scripta elegans,,https://www.inaturalist.org/observations/310567528,
312398675,,Porphyronota hebraea hebraea,,https://www.inaturalist.org/observations/312398675,
312400796,,Formicidae,,https://www.inaturalist.org/observations/312400796,
312411583,,Formicidae,,https://www.inaturalist.org/observations/312411583,
312577701,,Phymata fasciata,,https://www.inaturalist.org/observations/312577701,
313960407,,Parrhasius m-album,,https://www.inaturalist.org/observations/313960407,
314693170,,Argiope aurantia,,https://www.inaturalist.org/observations/314693170,
315142786,,Asimina triloba,,https://www.inaturalist.org/observations/315142786,
315320272,,Neoscapteriscus vicinus,,https://www.inaturalist.org/observations/315320272,
316688341,,Xylocopa virginica,,https://www.inaturalist.org/observations/316688341,
318344956,,Odocoileus hemionus columbianus,,https://www.inaturalist.org/observations/318344956,
318444284,,Scymnus,,https://www.inaturalist.org/observations/318444284,
318464073,,Lampropeltis californiae,,https://www.inaturalist.org/observations/318464073,
318776318,,Phyllocnistis insignis,,https://www.inaturalist.org/observations/318776318,
319057259,,Liriomyza eupatorii,,https://www.inaturalist.org/observations/319057259,
319264651,,Lauxaniidae,,https://www.inaturalist.org/observations/319264651,
319618668,,Quercus robur,,https://www.inaturalist.org/observations/319618668,
320122285,,Platycorynus dejeani,,https://www.inaturalist.org/observations/320122285,
320155259,,Crematogaster,,https://www.inaturalist.org/observations/320155259,
320315117,,Pseudocercospora fuliginosa,,https://www.inaturalist.org/observations/320315117,
320938285,,Bombus impatiens,,https://www.inaturalist.org/observations/320938285,
322220935,,Ahaetulla nasuta,,https://www.inaturalist.org/observations/322220935,
322269899,,Pompilidae,,https://www.inaturalist.org/observations/322269899,
322273212,,Amblyospiza albifrons,,https://www.inaturalist.org/observations/322273212,
322452060,,Megaleruca,,https://www.inaturalist.org/observations/322452060,
325134493,,Agkistrodon piscivorus,,https://www.inaturalist.org/observations/325134493,
326095805,,Pteromalus puparum,,https://www.inaturalist.org/observations/326095805,
326253236,,Sedum oxypetalum,,https://www.inaturalist.org/observations/326253236,
326501583,,Asimina triloba,,https://www.inaturalist.org/observations/326501583,
327030923,,Diospyros virginiana,,https://www.inaturalist.org/observations/327030923,
328116399,,Sphyrapicus varius,,https://www.inaturalist.org/observations/328116399,
328196149,,Bombycilla cedrorum,,https://www.inaturalist.org/observations/328196149,
328470124,,Pipizinae,,https://www.inaturalist.org/observations/328470124,
329476387,,Felis catus,,https://www.inaturalist.org/observations/329476387,
330156324,,Drymarchon melanurus erebennus,,https://www.inaturalist.org/observations/330156324,
330765563,,Carassius auratus,,https://www.inaturalist.org/observations/330765563,
331544671,,Sphenarium purpurascens,,https://www.inaturalist.org/observations/331544671,
331632935,,Megaceryle alcyon,,https://www.inaturalist.org/observations/331632935,
331696018,,Buteo jamaicensis,,https://www.inaturalist.org/observations/331696018,
332298168,,Columba livia domestica,,https://www.inaturalist.org/observations/332298168,
332515178,,Mucorales,,https://www.inaturalist.org/observations/332515178,
332694510,,Buteo jamaicensis,,https://www.inaturalist.org/observations/332694510,
333491091,,Buteo lineatus,,https://www.inaturalist.org/observations/333491091,
333534620,,Phoradendron leucarpum,,https://www.inaturalist.org/observations/333534620,
333581952,,Lycodonomorphus rufulus,,https://www.inaturalist.org/observations/333581952,
333836859,,Spermestes cucullata scutata,,https://www.inaturalist.org/observations/333836859,
334579903,,Crotophaga ani,,https://www.inaturalist.org/observations/334579903,
335723379,,Lasiopteridi,,https://www.inaturalist.org/observations/335723379,
335743355,,Boa constrictor,,https://www.inaturalist.org/observations/335743355,
335922491,,Apis cerana,,https://www.inaturalist.org/observations/335922491,
336636911,,Heraclides rumiko,,https://www.inaturalist.org/observations/336636911,
337215659,,Callinectes sapidus,,https://www.inaturalist.org/observations/337215659,
337582154,,Acer leucoderme,,https://www.inaturalist.org/observations/337582154,
337588156,,Larentia malvata,,https://www.inaturalist.org/observations/337588156,
337636352,,Asparagus officinalis,,https://www.inaturalist.org/observations/337636352,
337712454,,Quercus alba,,https://www.inaturalist.org/observations/337712454,
338175830,,Cathartes aura,,https://www.inaturalist.org/observations/338175830,
338206231,,Neoscona triangula,,https://www.inaturalist.org/observations/338206231,
338544252,,Deropeltis erythrocephala,,https://www.inaturalist.org/observations/338544252,
339225579,,Lophodytes cucullatus,,https://www.inaturalist.org/observations/339225579,
339660326,,Mentha spicata,,https://www.inaturalist.org/observations/339660326,
339672753,,Macrosiphini,,https://www.inaturalist.org/observations/339672753,
340848497,,Aleuroplatus coronata,,https://www.inaturalist.org/observations/340848497,
340848514,,Paraleyrodes minei,,https://www.inaturalist.org/observations/340848514,
340848746,,Tetraleurodes perileuca,,https://www.inaturalist.org/observations/340848746,
340848824,,Stegophylla essigi,,https://www.inaturalist.org/observations/340848824,
340849098,,Stegophylla essigi,,https://www.inaturalist.org/observations/340849098,
340849135,,Aleyrodinae,,https://www.inaturalist.org/observations/340849135,
340849329,,Danepteryx,,https://www.inaturalist.org/observations/340849329,
341303733,,Anthophila,,https://www.inaturalist.org/observations/341303733,
341385450,,Diplolepis rosae,,https://www.inaturalist.org/observations/341385450,
341920526,,Uropodoidea,,https://www.inaturalist.org/observations/341920526,
342671721,,Diptera,,https://www.inaturalist.org/observations/342671721,
343406813,,Hemigrapsus nudus,,https://www.inaturalist.org/observations/343406813,
344042855,,Actitis hypoleucos,,https://www.inaturalist.org/observations/344042855,
344358729,,Calycomyza malvae,,https://www.inaturalist.org/observations/344358729,
345469447,,Zosterops lateralis,,https://www.inaturalist.org/observations/345469447,
345754825,,Gymnosoma rotundatum,,https://www.inaturalist.org/observations/345754825,
347271587,,Dolichoderus thoracicus,,https://www.inaturalist.org/observations/347271587,
347339120,,Lasius,,https://www.inaturalist.org/observations/347339120,
