image,sam_score,x1,y1,x2,y2,mask_path,masked_crop_path
/share/ftrscape/image_dataset/obs_102691691_photo_171703626.jpg,0.9632875919342041,7.226630687713623,17.393310546875,1356.3309326171875,2030.399169921875,/rs1/researchers/a/amallav/results/outputs_sam/masks/obs_102691691_photo_171703626_7__mask.png,/rs1/researchers/a/amallav/results/outputs_sam/masked_crops/obs_102691691_photo_171703626_7__crop.png
/share/ftrscape/image_dataset/obs_102691691_photo_171703626.jpg,0.9634529948234558,7.821037292480469,13.683837890625,1356.844970703125,2031.877685546875,/rs1/researchers/a/amallav/results/outputs_sam/masks/obs_102691691_photo_171703626_8__mask.png,/rs1/researchers/a/amallav/results/outputs_sam/masked_crops/obs_102691691_photo_171703626_8__crop.png
/share/ftrscape/image_dataset/obs_102691691_photo_171703626.jpg,0.8858311176300049,302.9903564453125,493.78564453125,1186.8511962890625,1660.1904296875,/rs1/researchers/a/amallav/results/outputs_sam/masks/obs_102691691_photo_171703626_9__mask.png,/rs1/researchers/a/amallav/results/outputs_sam/masked_crops/obs_102691691_photo_171703626_9__crop.png
/share/ftrscape/image_dataset/obs_102691691_photo_171703626.jpg,0.8788728713989258,297.32525634765625,500.2120971679688,1174.20068359375,1656.92529296875,/rs1/researchers/a/amallav/results/outputs_sam/masks/obs_102691691_photo_171703626_10__mask.png,/rs1/researchers/a/amallav/results/outputs_sam/masked_crops/obs_102691691_photo_171703626_10__crop.png
/share/ftrscape/image_dataset/obs_102691691_photo_171703626.jpg,0.8956455588340759,304.3598327636719,416.2759399414063,1141.2900390625,1644.082275390625,/rs1/researchers/a/amallav/results/outputs_sam/masks/obs_102691691_photo_171703626_11__mask.png,/rs1/researchers/a/amallav/results/outputs_sam/masked_crops/obs_102691691_photo_171703626_11__crop.png
/share/ftrscape/image_dataset/obs_10317797_photo_14298032.jpg,0.978423535823822,488.54046630859375,521.3953247070312,1143.0892333984375,1252.060791015625,/rs1/researchers/a/amallav/results/outputs_sam/masks/obs_10317797_photo_14298032_0__mask.png,/rs1/researchers/a/amallav/results/outputs_sam/masked_crops/obs_10317797_photo_14298032_0__crop.png
/share/ftrscape/image_dataset/obs_10317797_photo_14298032.jpg,0.9430403709411621,472.6536254882813,1075.4857177734375,705.329833984375,1212.8531494140625,/rs1/researchers/a/amallav/results/outputs_sam/masks/obs_10317797_photo_14298032_1__mask.png,/rs1/researchers/a/amallav/results/outputs_sam/masked_crops/obs_10317797_photo_14298032_1__crop.png
/share/ftrscape/image_dataset/obs_130480768_photo_70327211.jpg,0.9912938475608826,15.26031494140625,337.75115966796875,2035.242919921875,1160.74462890625,/rs1/researchers/a/amallav/results/outputs_sam/masks/obs_130480768_photo_70327211_12__mask.png,/rs1/researchers/a/amallav/results/outputs_sam/masked_crops/obs_130480768_photo_70327211_12__crop.png
/share/ftrscape/image_dataset/obs_130480768_photo_70327211.jpg,0.9673873782157898,973.5472412109376,582.200927734375,1515.4163818359375,824.679931640625,/rs1/researchers/a/amallav/results/outputs_sam/masks/obs_130480768_photo_70327211_13__mask.png,/rs1/researchers/a/amallav/results/outputs_sam/masked_crops/obs_130480768_photo_70327211_13__crop.png
/share/ftrscape/image_dataset/obs_130480768_photo_70327211.jpg,0.9673663377761841,974.5675048828124,583.0284423828125,1518.4075927734375,823.948974609375,/rs1/researchers/a/amallav/results/outputs_sam/masks/obs_130480768_photo_70327211_14__mask.png,/rs1/researchers/a/amallav/results/outputs_sam/masked_crops/obs_130480768_photo_70327211_14__crop.png
/share/ftrscape/image_dataset/obs_188731534_photo_330410184.jpg,0.9748192429542542,441.2598876953125,947.572021484375,1317.00439453125,1500.6181640625,/rs1/researchers/a/amallav/results/outputs_sam/masks/obs_188731534_photo_330410184_15__mask.png,/rs1/researchers/a/amallav/results/outputs_sam/masked_crops/obs_188731534_photo_330410184_15__crop.png
/share/ftrscape/image_dataset/obs_188731534_photo_330410184.jpg,0.992382824420929,711.6974487304688,947.3283081054688,1244.608642578125,1492.22509765625,/rs1/researchers/a/amallav/results/outputs_sam/masks/obs_188731534_photo_330410184_16__mask.png,/rs1/researchers/a/amallav/results/outputs_sam/masked_crops/obs_188731534_photo_330410184_16__crop.png
/share/ftrscape/image_dataset/obs_188731534_photo_330410184.jpg,0.9900437593460083,435.5384216308594,945.2896728515624,1363.4215087890625,1502.4822998046875,/rs1/researchers/a/amallav/results/outputs_sam/masks/obs_188731534_photo_330410184_17__mask.png,/rs1/researchers/a/amallav/results/outputs_sam/masked_crops/obs_188731534_photo_330410184_17__crop.png
/share/ftrscape/image_dataset/obs_188731534_photo_330410184.jpg,0.9923021793365479,707.6874389648438,950.2242431640624,1251.3291015625,1497.2860107421875,/rs1/researchers/a/amallav/results/outputs_sam/masks/obs_188731534_photo_330410184_18__mask.png,/rs1/researchers/a/amallav/results/outputs_sam/masked_crops/obs_188731534_photo_330410184_18__crop.png
/share/ftrscape/image_dataset/obs_188731534_photo_330410184.jpg,0.988311231136322,434.0819091796875,955.493896484375,839.346923828125,1408.16064453125,/rs1/researchers/a/amallav/results/outputs_sam/masks/obs_188731534_photo_330410184_19__mask.png,/rs1/researchers/a/amallav/results/outputs_sam/masked_crops/obs_188731534_photo_330410184_19__crop.png
/share/ftrscape/image_dataset/obs_194599339_photo_342107100.jpg,0.9609560370445251,57.4302978515625,447.5730285644531,1413.075927734375,1390.2353515625,/rs1/researchers/a/amallav/results/outputs_sam/masks/obs_194599339_photo_342107100_20__mask.png,/rs1/researchers/a/amallav/results/outputs_sam/masked_crops/obs_194599339_photo_342107100_20__crop.png
/share/ftrscape/image_dataset/obs_194599339_photo_342107100.jpg,0.9700656533241272,59.75852966308594,454.1029968261719,1406.439208984375,1380.152587890625,/rs1/researchers/a/amallav/results/outputs_sam/masks/obs_194599339_photo_342107100_21__mask.png,/rs1/researchers/a/amallav/results/outputs_sam/masked_crops/obs_194599339_photo_342107100_21__crop.png
/share/ftrscape/image_dataset/obs_194795499_photo_341224314.jpg,0.9755104780197144,485.6720581054688,725.0654296875,1697.26318359375,1442.5860595703125,/rs1/researchers/a/amallav/results/outputs_sam/masks/obs_194795499_photo_341224314_22__mask.png,/rs1/researchers/a/amallav/results/outputs_sam/masked_crops/obs_194795499_photo_341224314_22__crop.png
/share/ftrscape/image_dataset/obs_194795499_photo_341224314.jpg,0.9387760758399963,496.377685546875,720.64599609375,1705.861083984375,1288.296875,/rs1/researchers/a/amallav/results/outputs_sam/masks/obs_194795499_photo_341224314_23__mask.png,/rs1/researchers/a/amallav/results/outputs_sam/masked_crops/obs_194795499_photo_341224314_23__crop.png
/share/ftrscape/image_dataset/obs_194795499_photo_341224314.jpg,0.9755163192749023,487.947509765625,720.7249755859375,1698.755126953125,1446.788330078125,/rs1/researchers/a/amallav/results/outputs_sam/masks/obs_194795499_photo_341224314_24__mask.png,/rs1/researchers/a/amallav/results/outputs_sam/masked_crops/obs_194795499_photo_341224314_24__crop.png
/share/ftrscape/image_dataset/obs_194795499_photo_341224314.jpg,0.9923068881034851,390.1858520507813,167.01341247558594,1707.71044921875,1443.390380859375,/rs1/researchers/a/amallav/results/outputs_sam/masks/obs_194795499_photo_341224314_25__mask.png,/rs1/researchers/a/amallav/results/outputs_sam/masked_crops/obs_194795499_photo_341224314_25__crop.png
/share/ftrscape/image_dataset/obs_195713651_photo_344383957.jpg,0.9748294353485107,125.31237030029295,274.6475524902344,738.0902709960938,976.0784912109376,/rs1/researchers/a/amallav/results/outputs_sam/masks/obs_195713651_photo_344383957_26__mask.png,/rs1/researchers/a/amallav/results/outputs_sam/masked_crops/obs_195713651_photo_344383957_26__crop.png
/share/ftrscape/image_dataset/obs_195713651_photo_344383957.jpg,0.9748488068580627,125.92234802246094,274.0631408691406,738.1195678710938,976.9451293945312,/rs1/researchers/a/amallav/results/outputs_sam/masks/obs_195713651_photo_344383957_27__mask.png,/rs1/researchers/a/amallav/results/outputs_sam/masked_crops/obs_195713651_photo_344383957_27__crop.png
/share/ftrscape/image_dataset/obs_195713651_photo_344383957.jpg,0.9579695463180542,323.3365783691406,363.7615356445313,712.142333984375,967.0230102539062,/rs1/researchers/a/amallav/results/outputs_sam/masks/obs_195713651_photo_344383957_28__mask.png,/rs1/researchers/a/amallav/results/outputs_sam/masked_crops/obs_195713651_photo_344383957_28__crop.png
/share/ftrscape/image_dataset/obs_195713651_photo_344383957.jpg,0.9747990369796753,125.92376708984376,273.8387756347656,737.7844848632812,980.7120971679688,/rs1/researchers/a/amallav/results/outputs_sam/masks/obs_195713651_photo_344383957_29__mask.png,/rs1/researchers/a/amallav/results/outputs_sam/masked_crops/obs_195713651_photo_344383957_29__crop.png
/share/ftrscape/image_dataset/obs_195713651_photo_344383957.jpg,0.9378724694252014,397.8546752929688,375.6316528320313,697.9151611328125,958.8599853515624,/rs1/researchers/a/amallav/results/outputs_sam/masks/obs_195713651_photo_344383957_30__mask.png,/rs1/researchers/a/amallav/results/outputs_sam/masked_crops/obs_195713651_photo_344383957_30__crop.png
/share/ftrscape/image_dataset/obs_220102252_photo_389649357.jpg,0.9741411209106445,119.20120239257812,687.1281127929688,1513.4993896484375,1781.28076171875,/rs1/researchers/a/amallav/results/outputs_sam/masks/obs_220102252_photo_389649357_31__mask.png,/rs1/researchers/a/amallav/results/outputs_sam/masked_crops/obs_220102252_photo_389649357_31__crop.png
/share/ftrscape/image_dataset/obs_220102252_photo_389649357.jpg,0.9741315245628357,122.71165466308594,680.7576293945312,1512.3310546875,1783.805419921875,/rs1/researchers/a/amallav/results/outputs_sam/masks/obs_220102252_photo_389649357_32__mask.png,/rs1/researchers/a/amallav/results/outputs_sam/masked_crops/obs_220102252_photo_389649357_32__crop.png
/share/ftrscape/image_dataset/obs_220822650_photo_391000325.jpg,0.98420250415802,979.9024047851562,675.58154296875,1261.28515625,997.4782104492188,/rs1/researchers/a/amallav/results/outputs_sam/masks/obs_220822650_photo_391000325_33__mask.png,/rs1/researchers/a/amallav/results/outputs_sam/masked_crops/obs_220822650_photo_391000325_33__crop.png
/share/ftrscape/image_dataset/obs_220822650_photo_391000325.jpg,0.9841497540473938,980.4035034179688,674.536865234375,1261.24072265625,999.2872314453124,/rs1/researchers/a/amallav/results/outputs_sam/masks/obs_220822650_photo_391000325_34__mask.png,/rs1/researchers/a/amallav/results/outputs_sam/masked_crops/obs_220822650_photo_391000325_34__crop.png
/share/ftrscape/image_dataset/obs_250956763_photo_448935283.jpg,0.986759603023529,684.7874755859375,379.7840576171875,2041.6605224609373,1529.52001953125,/rs1/researchers/a/amallav/results/outputs_sam/masks/obs_250956763_photo_448935283_35__mask.png,/rs1/researchers/a/amallav/results/outputs_sam/masked_crops/obs_250956763_photo_448935283_35__crop.png
/share/ftrscape/image_dataset/obs_250956763_photo_448935283.jpg,0.9868496656417847,688.5859375,383.313232421875,2039.665283203125,1527.181640625,/rs1/researchers/a/amallav/results/outputs_sam/masks/obs_250956763_photo_448935283_36__mask.png,/rs1/researchers/a/amallav/results/outputs_sam/masked_crops/obs_250956763_photo_448935283_36__crop.png
/share/ftrscape/image_dataset/obs_250956763_photo_448935283.jpg,0.9868799448013306,687.35205078125,384.41705322265625,2040.2255859375,1529.6875,/rs1/researchers/a/amallav/results/outputs_sam/masks/obs_250956763_photo_448935283_37__mask.png,/rs1/researchers/a/amallav/results/outputs_sam/masked_crops/obs_250956763_photo_448935283_37__crop.png
/share/ftrscape/image_dataset/obs_250956763_photo_448935283.jpg,0.9330846071243286,880.321044921875,392.51470947265625,1983.900390625,1526.955810546875,/rs1/researchers/a/amallav/results/outputs_sam/masks/obs_250956763_photo_448935283_38__mask.png,/rs1/researchers/a/amallav/results/outputs_sam/masked_crops/obs_250956763_photo_448935283_38__crop.png
/share/ftrscape/image_dataset/obs_250956763_photo_448935283.jpg,0.9766901135444641,847.9967041015625,378.6697082519531,2043.1002197265625,1521.75927734375,/rs1/researchers/a/amallav/results/outputs_sam/masks/obs_250956763_photo_448935283_39__mask.png,/rs1/researchers/a/amallav/results/outputs_sam/masked_crops/obs_250956763_photo_448935283_39__crop.png
/share/ftrscape/image_dataset/obs_256022699_photo_458927175.jpg,0.9270784258842468,579.8480224609375,330.5987548828125,1463.221923828125,1246.205810546875,/rs1/researchers/a/amallav/results/outputs_sam/masks/obs_256022699_photo_458927175_40__mask.png,/rs1/researchers/a/amallav/results/outputs_sam/masked_crops/obs_256022699_photo_458927175_40__crop.png
/share/ftrscape/image_dataset/obs_256022699_photo_458927175.jpg,0.9269517064094543,577.4864501953125,333.0728759765625,1461.7576904296875,1251.05419921875,/rs1/researchers/a/amallav/results/outputs_sam/masks/obs_256022699_photo_458927175_41__mask.png,/rs1/researchers/a/amallav/results/outputs_sam/masked_crops/obs_256022699_photo_458927175_41__crop.png
/share/ftrscape/image_dataset/obs_256022699_photo_458927175.jpg,0.9308821558952332,565.639892578125,330.21221923828125,1460.6077880859375,1251.2083740234375,/rs1/researchers/a/amallav/results/outputs_sam/masks/obs_256022699_photo_458927175_42__mask.png,/rs1/researchers/a/amallav/results/outputs_sam/masked_crops/obs_256022699_photo_458927175_42__crop.png
/share/ftrscape/image_dataset/obs_258568965_photo_463949088.jpg,0.980934202671051,16.129531860351562,6.44586181640625,1527.83349609375,2033.822265625,/rs1/researchers/a/amallav/results/outputs_sam/masks/obs_258568965_photo_463949088_43__mask.png,/rs1/researchers/a/amallav/results/outputs_sam/masked_crops/obs_258568965_photo_463949088_43__crop.png
/share/ftrscape/image_dataset/obs_258568965_photo_463949088.jpg,0.9787877202033997,19.36724853515625,4.8941650390625,1528.056396484375,2031.9853515625,/rs1/researchers/a/amallav/results/outputs_sam/masks/obs_258568965_photo_463949088_44__mask.png,/rs1/researchers/a/amallav/results/outputs_sam/masked_crops/obs_258568965_photo_463949088_44__crop.png
/share/ftrscape/image_dataset/obs_258568965_photo_463949088.jpg,0.9044086337089539,419.032470703125,388.2535400390625,987.9854736328124,1260.5765380859375,/rs1/researchers/a/amallav/results/outputs_sam/masks/obs_258568965_photo_463949088_45__mask.png,/rs1/researchers/a/amallav/results/outputs_sam/masked_crops/obs_258568965_photo_463949088_45__crop.png
/share/ftrscape/image_dataset/obs_258568965_photo_463949088.jpg,0.7532639503479004,88.08023071289062,15.40277099609375,1009.4859008789062,1319.82275390625,/rs1/researchers/a/amallav/results/outputs_sam/masks/obs_258568965_photo_463949088_46__mask.png,/rs1/researchers/a/amallav/results/outputs_sam/masked_crops/obs_258568965_photo_463949088_46__crop.png
/share/ftrscape/image_dataset/obs_258568965_photo_463949088.jpg,0.9793270230293274,18.61212158203125,3.54034423828125,1528.0543212890625,2030.834228515625,/rs1/researchers/a/amallav/results/outputs_sam/masks/obs_258568965_photo_463949088_47__mask.png,/rs1/researchers/a/amallav/results/outputs_sam/masked_crops/obs_258568965_photo_463949088_47__crop.png
/share/ftrscape/image_dataset/obs_263836670_photo_474047112.jpg,0.9956532716751099,14.67437744140625,1.5118560791015625,1764.208740234375,1523.07470703125,/rs1/researchers/a/amallav/results/outputs_sam/masks/obs_263836670_photo_474047112_48__mask.png,/rs1/researchers/a/amallav/results/outputs_sam/masked_crops/obs_263836670_photo_474047112_48__crop.png
/share/ftrscape/image_dataset/obs_263836670_photo_474047112.jpg,0.9736294150352478,705.675048828125,514.842529296875,1578.15380859375,1448.5782470703125,/rs1/researchers/a/amallav/results/outputs_sam/masks/obs_263836670_photo_474047112_49__mask.png,/rs1/researchers/a/amallav/results/outputs_sam/masked_crops/obs_263836670_photo_474047112_49__crop.png
/share/ftrscape/image_dataset/obs_264953671_photo_475827468.jpg,0.9710147380828857,708.6256103515625,345.0374450683594,1344.4718017578125,1121.80224609375,/rs1/researchers/a/amallav/results/outputs_sam/masks/obs_264953671_photo_475827468_50__mask.png,/rs1/researchers/a/amallav/results/outputs_sam/masked_crops/obs_264953671_photo_475827468_50__crop.png
/share/ftrscape/image_dataset/obs_264953671_photo_475827468.jpg,0.9476465582847595,714.19140625,347.6537780761719,1199.3946533203125,1121.6693115234375,/rs1/researchers/a/amallav/results/outputs_sam/masks/obs_264953671_photo_475827468_51__mask.png,/rs1/researchers/a/amallav/results/outputs_sam/masked_crops/obs_264953671_photo_475827468_51__crop.png
/share/ftrscape/image_dataset/obs_291009479_photo_523542929.jpg,0.8242098093032837,482.0726623535156,0.640594482421875,1048.0048828125,822.0833129882812,/rs1/researchers/a/amallav/results/outputs_sam/masks/obs_291009479_photo_523542929_52__mask.png,/rs1/researchers/a/amallav/results/outputs_sam/masked_crops/obs_291009479_photo_523542929_52__crop.png
/share/ftrscape/image_dataset/obs_291009479_photo_523542929.jpg,0.974341869354248,717.9175415039062,856.4725341796875,1604.392333984375,1355.6986083984375,/rs1/researchers/a/amallav/results/outputs_sam/masks/obs_291009479_photo_523542929_53__mask.png,/rs1/researchers/a/amallav/results/outputs_sam/masked_crops/obs_291009479_photo_523542929_53__crop.png
/share/ftrscape/image_dataset/obs_291009479_photo_523542929.jpg,0.8337834477424622,471.2058715820313,624.5645751953125,726.9707641601562,826.233642578125,/rs1/researchers/a/amallav/results/outputs_sam/masks/obs_291009479_photo_523542929_54__mask.png,/rs1/researchers/a/amallav/results/outputs_sam/masked_crops/obs_291009479_photo_523542929_54__crop.png
/share/ftrscape/image_dataset/obs_291009479_photo_523542929.jpg,0.9219780564308167,483.762451171875,534.171142578125,1086.924560546875,817.3011474609375,/rs1/researchers/a/amallav/results/outputs_sam/masks/obs_291009479_photo_523542929_55__mask.png,/rs1/researchers/a/amallav/results/outputs_sam/masked_crops/obs_291009479_photo_523542929_55__crop.png
/share/ftrscape/image_dataset/obs_291009479_photo_523542929.jpg,0.8304411768913269,479.9369201660156,6.3226318359375,1058.3829345703125,823.3511352539062,/rs1/researchers/a/amallav/results/outputs_sam/masks/obs_291009479_photo_523542929_56__mask.png,/rs1/researchers/a/amallav/results/outputs_sam/masked_crops/obs_291009479_photo_523542929_56__crop.png
/share/ftrscape/image_dataset/obs_302755190_photo_545634287.jpg,0.9618754386901855,482.2821044921875,709.693115234375,940.367431640625,1355.73828125,/rs1/researchers/a/amallav/results/outputs_sam/masks/obs_302755190_photo_545634287_57__mask.png,/rs1/researchers/a/amallav/results/outputs_sam/masked_crops/obs_302755190_photo_545634287_57__crop.png
/share/ftrscape/image_dataset/obs_302755190_photo_545634287.jpg,0.9828469753265381,154.62564086914062,7.043701171875,1920.59033203125,2037.810302734375,/rs1/researchers/a/amallav/results/outputs_sam/masks/obs_302755190_photo_545634287_58__mask.png,/rs1/researchers/a/amallav/results/outputs_sam/masked_crops/obs_302755190_photo_545634287_58__crop.png
/share/ftrscape/image_dataset/obs_302755190_photo_545634287.jpg,0.9630799889564514,893.9324951171875,1415.5782470703125,1143.8983154296875,1703.4302978515625,/rs1/researchers/a/amallav/results/outputs_sam/masks/obs_302755190_photo_545634287_59__mask.png,/rs1/researchers/a/amallav/results/outputs_sam/masked_crops/obs_302755190_photo_545634287_59__crop.png
/share/ftrscape/image_dataset/obs_302755190_photo_545634287.jpg,0.9645856618881226,502.4918518066406,713.2560424804688,942.9518432617188,1361.755615234375,/rs1/researchers/a/amallav/results/outputs_sam/masks/obs_302755190_photo_545634287_60__mask.png,/rs1/researchers/a/amallav/results/outputs_sam/masked_crops/obs_302755190_photo_545634287_60__crop.png
/share/ftrscape/image_dataset/obs_302755190_photo_545634287.jpg,0.9622148275375366,487.4689331054688,711.6347045898438,940.6864624023438,1357.92333984375,/rs1/researchers/a/amallav/results/outputs_sam/masks/obs_302755190_photo_545634287_61__mask.png,/rs1/researchers/a/amallav/results/outputs_sam/masked_crops/obs_302755190_photo_545634287_61__crop.png
/share/ftrscape/image_dataset/obs_318344322_photo_575337712.jpg,0.9656598567962646,341.15692138671875,395.8605651855469,1169.0185546875,1291.9736328125,/rs1/researchers/a/amallav/results/outputs_sam/masks/obs_318344322_photo_575337712_62__mask.png,/rs1/researchers/a/amallav/results/outputs_sam/masked_crops/obs_318344322_photo_575337712_62__crop.png
/share/ftrscape/image_dataset/obs_318344322_photo_575337712.jpg,0.9929855465888977,1617.8485107421875,469.4072570800781,2005.8675537109373,877.4448852539062,/rs1/researchers/a/amallav/results/outputs_sam/masks/obs_318344322_photo_575337712_63__mask.png,/rs1/researchers/a/amallav/results/outputs_sam/masked_crops/obs_318344322_photo_575337712_63__crop.png
/share/ftrscape/image_dataset/obs_318344322_photo_575337712.jpg,0.9658506512641907,343.4554138183594,393.2303466796875,1168.579345703125,1294.4307861328125,/rs1/researchers/a/amallav/results/outputs_sam/masks/obs_318344322_photo_575337712_64__mask.png,/rs1/researchers/a/amallav/results/outputs_sam/masked_crops/obs_318344322_photo_575337712_64__crop.png
/share/ftrscape/image_dataset/obs_318344322_photo_575337712.jpg,0.9741554856300354,1299.0946044921875,666.7820434570312,1397.6524658203125,796.590576171875,/rs1/researchers/a/amallav/results/outputs_sam/masks/obs_318344322_photo_575337712_65__mask.png,/rs1/researchers/a/amallav/results/outputs_sam/masked_crops/obs_318344322_photo_575337712_65__crop.png
/share/ftrscape/image_dataset/obs_318344322_photo_575337712.jpg,0.9740824103355408,1298.3836669921875,665.9803466796875,1398.4403076171875,795.79931640625,/rs1/researchers/a/amallav/results/outputs_sam/masks/obs_318344322_photo_575337712_66__mask.png,/rs1/researchers/a/amallav/results/outputs_sam/masked_crops/obs_318344322_photo_575337712_66__crop.png
/share/ftrscape/image_dataset/obs_318533969_photo_575706140.jpg,0.9811224937438965,445.3550415039063,842.5984497070312,666.7947387695312,1011.2661743164062,/rs1/researchers/a/amallav/results/outputs_sam/masks/obs_318533969_photo_575706140_67__mask.png,/rs1/researchers/a/amallav/results/outputs_sam/masked_crops/obs_318533969_photo_575706140_67__crop.png
/share/ftrscape/image_dataset/obs_318533969_photo_575706140.jpg,0.9812588095664978,447.1721801757813,844.0311279296875,665.5780029296875,1010.5208740234376,/rs1/researchers/a/amallav/results/outputs_sam/masks/obs_318533969_photo_575706140_68__mask.png,/rs1/researchers/a/amallav/results/outputs_sam/masked_crops/obs_318533969_photo_575706140_68__crop.png
/share/ftrscape/image_dataset/obs_319669394_photo_577875426.jpg,0.9964067339897156,5.5556488037109375,6.68853759765625,1528.464599609375,2043.10986328125,/rs1/researchers/a/amallav/results/outputs_sam/masks/obs_319669394_photo_577875426_69__mask.png,/rs1/researchers/a/amallav/results/outputs_sam/masked_crops/obs_319669394_photo_577875426_69__crop.png
/share/ftrscape/image_dataset/obs_319669394_photo_577875426.jpg,0.9802771210670471,977.2095336914062,200.8657073974609,1099.045654296875,325.6390991210937,/rs1/researchers/a/amallav/results/outputs_sam/masks/obs_319669394_photo_577875426_70__mask.png,/rs1/researchers/a/amallav/results/outputs_sam/masked_crops/obs_319669394_photo_577875426_70__crop.png
/share/ftrscape/image_dataset/obs_319669394_photo_577875426.jpg,0.9761655330657959,948.8992919921876,778.3270874023438,1049.9991455078125,884.5316772460938,/rs1/researchers/a/amallav/results/outputs_sam/masks/obs_319669394_photo_577875426_71__mask.png,/rs1/researchers/a/amallav/results/outputs_sam/masked_crops/obs_319669394_photo_577875426_71__crop.png
/share/ftrscape/image_dataset/obs_321389820_photo_581234419.jpg,0.971947193145752,580.0588989257812,309.0257568359375,1344.6829833984375,877.0233154296875,/rs1/researchers/a/amallav/results/outputs_sam/masks/obs_321389820_photo_581234419_72__mask.png,/rs1/researchers/a/amallav/results/outputs_sam/masked_crops/obs_321389820_photo_581234419_72__crop.png
/share/ftrscape/image_dataset/obs_323944435_photo_586236533.jpg,0.9829064011573792,739.8729248046875,235.5103759765625,1155.4488525390625,605.1259155273438,/rs1/researchers/a/amallav/results/outputs_sam/masks/obs_323944435_photo_586236533_73__mask.png,/rs1/researchers/a/amallav/results/outputs_sam/masked_crops/obs_323944435_photo_586236533_73__crop.png
/share/ftrscape/image_dataset/obs_323944435_photo_586236533.jpg,0.9794379472732544,886.4537963867188,871.501220703125,1176.7762451171875,1174.3604736328125,/rs1/researchers/a/amallav/results/outputs_sam/masks/obs_323944435_photo_586236533_74__mask.png,/rs1/researchers/a/amallav/results/outputs_sam/masked_crops/obs_323944435_photo_586236533_74__crop.png
/share/ftrscape/image_dataset/obs_323944435_photo_586236533.jpg,0.982831597328186,742.3627319335938,237.6476593017578,1155.5501708984375,607.5614624023438,/rs1/researchers/a/amallav/results/outputs_sam/masks/obs_323944435_photo_586236533_75__mask.png,/rs1/researchers/a/amallav/results/outputs_sam/masked_crops/obs_323944435_photo_586236533_75__crop.png
/share/ftrscape/image_dataset/obs_325267824_photo_588882003.jpg,0.9555280208587646,809.35546875,396.59271240234375,1299.87158203125,1087.572021484375,/rs1/researchers/a/amallav/results/outputs_sam/masks/obs_325267824_photo_588882003_76__mask.png,/rs1/researchers/a/amallav/results/outputs_sam/masked_crops/obs_325267824_photo_588882003_76__crop.png
/share/ftrscape/image_dataset/obs_325625055_photo_589595206.jpg,0.9616876244544983,245.71588134765625,7.737030029296875,1885.490234375,1526.760009765625,/rs1/researchers/a/amallav/results/outputs_sam/masks/obs_325625055_photo_589595206_77__mask.png,/rs1/researchers/a/amallav/results/outputs_sam/masked_crops/obs_325625055_photo_589595206_77__crop.png
/share/ftrscape/image_dataset/obs_325625055_photo_589595206.jpg,0.9880819320678711,276.9205017089844,2.456771850585937,1201.55810546875,1523.3477783203125,/rs1/researchers/a/amallav/results/outputs_sam/masks/obs_325625055_photo_589595206_78__mask.png,/rs1/researchers/a/amallav/results/outputs_sam/masked_crops/obs_325625055_photo_589595206_78__crop.png
/share/ftrscape/image_dataset/obs_325625055_photo_589595206.jpg,0.9645232558250427,14.2916259765625,6.155731201171875,2032.20458984375,1525.541259765625,/rs1/researchers/a/amallav/results/outputs_sam/masks/obs_325625055_photo_589595206_79__mask.png,/rs1/researchers/a/amallav/results/outputs_sam/masked_crops/obs_325625055_photo_589595206_79__crop.png
/share/ftrscape/image_dataset/obs_325625055_photo_589595206.jpg,0.9877954721450806,963.2755126953124,11.358078002929688,1892.7525634765625,1522.343994140625,/rs1/researchers/a/amallav/results/outputs_sam/masks/obs_325625055_photo_589595206_80__mask.png,/rs1/researchers/a/amallav/results/outputs_sam/masked_crops/obs_325625055_photo_589595206_80__crop.png
/share/ftrscape/image_dataset/obs_325625055_photo_589595206.jpg,0.9759106636047363,917.1177368164062,679.487548828125,1057.767822265625,839.7530517578125,/rs1/researchers/a/amallav/results/outputs_sam/masks/obs_325625055_photo_589595206_81__mask.png,/rs1/researchers/a/amallav/results/outputs_sam/masked_crops/obs_325625055_photo_589595206_81__crop.png
/share/ftrscape/image_dataset/obs_326876805_photo_592092171.jpg,0.989391028881073,374.45452880859375,546.0410766601562,1183.62841796875,1416.727294921875,/rs1/researchers/a/amallav/results/outputs_sam/masks/obs_326876805_photo_592092171_82__mask.png,/rs1/researchers/a/amallav/results/outputs_sam/masked_crops/obs_326876805_photo_592092171_82__crop.png
/share/ftrscape/image_dataset/obs_326876805_photo_592092171.jpg,0.9893432855606079,377.1018676757813,543.1817626953125,1179.619873046875,1425.6068115234375,/rs1/researchers/a/amallav/results/outputs_sam/masks/obs_326876805_photo_592092171_83__mask.png,/rs1/researchers/a/amallav/results/outputs_sam/masked_crops/obs_326876805_photo_592092171_83__crop.png
/share/ftrscape/image_dataset/obs_326876805_photo_592092171.jpg,0.9893639087677002,374.3009643554688,544.82666015625,1183.826416015625,1417.53515625,/rs1/researchers/a/amallav/results/outputs_sam/masks/obs_326876805_photo_592092171_84__mask.png,/rs1/researchers/a/amallav/results/outputs_sam/masked_crops/obs_326876805_photo_592092171_84__crop.png
/share/ftrscape/image_dataset/obs_326876805_photo_592092171.jpg,0.8817996978759766,727.0363159179688,867.341064453125,903.0130004882812,1117.7506103515625,/rs1/researchers/a/amallav/results/outputs_sam/masks/obs_326876805_photo_592092171_85__mask.png,/rs1/researchers/a/amallav/results/outputs_sam/masked_crops/obs_326876805_photo_592092171_85__crop.png
/share/ftrscape/image_dataset/obs_326876805_photo_592092171.jpg,0.9763985276222229,879.2423095703125,1082.2076416015625,1181.9136962890625,1325.6273193359375,/rs1/researchers/a/amallav/results/outputs_sam/masks/obs_326876805_photo_592092171_86__mask.png,/rs1/researchers/a/amallav/results/outputs_sam/masked_crops/obs_326876805_photo_592092171_86__crop.png
/share/ftrscape/image_dataset/obs_327076113_photo_592488640.jpg,0.9626091122627258,298.98663330078125,264.7961120605469,1799.826171875,1102.3902587890625,/rs1/researchers/a/amallav/results/outputs_sam/masks/obs_327076113_photo_592488640_87__mask.png,/rs1/researchers/a/amallav/results/outputs_sam/masked_crops/obs_327076113_photo_592488640_87__crop.png
/share/ftrscape/image_dataset/obs_327076113_photo_592488640.jpg,0.9626575112342834,298.596435546875,266.21466064453125,1800.553955078125,1099.868408203125,/rs1/researchers/a/amallav/results/outputs_sam/masks/obs_327076113_photo_592488640_88__mask.png,/rs1/researchers/a/amallav/results/outputs_sam/masked_crops/obs_327076113_photo_592488640_88__crop.png
/share/ftrscape/image_dataset/obs_327076113_photo_592488640.jpg,0.9626944065093994,294.2867431640625,267.7659606933594,1808.2598876953125,1104.62158203125,/rs1/researchers/a/amallav/results/outputs_sam/masks/obs_327076113_photo_592488640_89__mask.png,/rs1/researchers/a/amallav/results/outputs_sam/masked_crops/obs_327076113_photo_592488640_89__crop.png
/share/ftrscape/image_dataset/obs_327076113_photo_592488640.jpg,0.9638951420783997,321.1689453125,265.89556884765625,1379.0858154296875,622.5707397460938,/rs1/researchers/a/amallav/results/outputs_sam/masks/obs_327076113_photo_592488640_90__mask.png,/rs1/researchers/a/amallav/results/outputs_sam/masked_crops/obs_327076113_photo_592488640_90__crop.png
/share/ftrscape/image_dataset/obs_327076113_photo_592488640.jpg,0.9580761194229126,547.7003784179688,675.7716674804688,1456.176025390625,1097.447265625,/rs1/researchers/a/amallav/results/outputs_sam/masks/obs_327076113_photo_592488640_91__mask.png,/rs1/researchers/a/amallav/results/outputs_sam/masked_crops/obs_327076113_photo_592488640_91__crop.png
/share/ftrscape/image_dataset/obs_331752340_photo_601901044.jpg,0.9954785704612732,13.60369873046875,305.7713623046875,2031.1953125,1172.61865234375,/rs1/researchers/a/amallav/results/outputs_sam/masks/obs_331752340_photo_601901044_92__mask.png,/rs1/researchers/a/amallav/results/outputs_sam/masked_crops/obs_331752340_photo_601901044_92__crop.png
/share/ftrscape/image_dataset/obs_331752340_photo_601901044.jpg,0.9819191694259644,11.60284423828125,14.300079345703123,2032.909912109375,1174.5140380859375,/rs1/researchers/a/amallav/results/outputs_sam/masks/obs_331752340_photo_601901044_93__mask.png,/rs1/researchers/a/amallav/results/outputs_sam/masked_crops/obs_331752340_photo_601901044_93__crop.png
/share/ftrscape/image_dataset/obs_331752340_photo_601901044.jpg,0.9500845074653625,946.3068237304688,858.7528076171875,1062.417724609375,979.0269775390624,/rs1/researchers/a/amallav/results/outputs_sam/masks/obs_331752340_photo_601901044_94__mask.png,/rs1/researchers/a/amallav/results/outputs_sam/masked_crops/obs_331752340_photo_601901044_94__crop.png
/share/ftrscape/image_dataset/obs_331752340_photo_601901044.jpg,0.9480122923851013,1374.0816650390625,666.1806030273438,1489.9246826171875,792.0960693359375,/rs1/researchers/a/amallav/results/outputs_sam/masks/obs_331752340_photo_601901044_95__mask.png,/rs1/researchers/a/amallav/results/outputs_sam/masked_crops/obs_331752340_photo_601901044_95__crop.png
/share/ftrscape/image_dataset/obs_331752340_photo_601901044.jpg,0.9670687913894653,1468.09521484375,599.0004272460938,1585.719482421875,722.9862670898438,/rs1/researchers/a/amallav/results/outputs_sam/masks/obs_331752340_photo_601901044_96__mask.png,/rs1/researchers/a/amallav/results/outputs_sam/masked_crops/obs_331752340_photo_601901044_96__crop.png
/share/ftrscape/image_dataset/obs_331831594_photo_602051260.jpg,0.9853963255882263,323.552978515625,258.00360107421875,1824.490478515625,1344.65087890625,/rs1/researchers/a/amallav/results/outputs_sam/masks/obs_331831594_photo_602051260_97__mask.png,/rs1/researchers/a/amallav/results/outputs_sam/masked_crops/obs_331831594_photo_602051260_97__crop.png
/share/ftrscape/image_dataset/obs_332241462_photo_602909620.jpg,0.9671441316604614,1005.2762451171876,684.9609375,1567.7225341796875,1041.25732421875,/rs1/researchers/a/amallav/results/outputs_sam/masks/obs_332241462_photo_602909620_98__mask.png,/rs1/researchers/a/amallav/results/outputs_sam/masked_crops/obs_332241462_photo_602909620_98__crop.png
/share/ftrscape/image_dataset/obs_332241462_photo_602909620.jpg,0.9829800128936768,483.5729370117188,666.1332397460938,1174.536376953125,866.6608276367188,/rs1/researchers/a/amallav/results/outputs_sam/masks/obs_332241462_photo_602909620_99__mask.png,/rs1/researchers/a/amallav/results/outputs_sam/masked_crops/obs_332241462_photo_602909620_99__crop.png
/share/ftrscape/image_dataset/obs_332241462_photo_602909620.jpg,0.9851459264755249,953.0376586914062,671.4109497070312,1168.85888671875,821.1539306640625,/rs1/researchers/a/amallav/results/outputs_sam/masks/obs_332241462_photo_602909620_100__mask.png,/rs1/researchers/a/amallav/results/outputs_sam/masked_crops/obs_332241462_photo_602909620_100__crop.png
/share/ftrscape/image_dataset/obs_332241462_photo_602909620.jpg,0.9734395742416382,469.0802612304688,657.24560546875,1573.89013671875,1044.8245849609375,/rs1/researchers/a/amallav/results/outputs_sam/masks/obs_332241462_photo_602909620_101__mask.png,/rs1/researchers/a/amallav/results/outputs_sam/masked_crops/obs_332241462_photo_602909620_101__crop.png
/share/ftrscape/image_dataset/obs_332241462_photo_602909620.jpg,0.9822799563407898,495.7054443359375,669.0118408203125,1166.43359375,858.5965576171875,/rs1/researchers/a/amallav/results/outputs_sam/masks/obs_332241462_photo_602909620_102__mask.png,/rs1/researchers/a/amallav/results/outputs_sam/masked_crops/obs_332241462_photo_602909620_102__crop.png
/share/ftrscape/image_dataset/obs_333144263_photo_501540234.jpg,0.9879292249679565,6.250991821289063,13.23175048828125,1525.860595703125,1875.8125,/rs1/researchers/a/amallav/results/outputs_sam/masks/obs_333144263_photo_501540234_103__mask.png,/rs1/researchers/a/amallav/results/outputs_sam/masked_crops/obs_333144263_photo_501540234_103__crop.png
/share/ftrscape/image_dataset/obs_333144263_photo_501540234.jpg,0.9740314483642578,611.205078125,713.2774047851562,752.7630004882812,843.6787719726562,/rs1/researchers/a/amallav/results/outputs_sam/masks/obs_333144263_photo_501540234_104__mask.png,/rs1/researchers/a/amallav/results/outputs_sam/masked_crops/obs_333144263_photo_501540234_104__crop.png
/share/ftrscape/image_dataset/obs_333144263_photo_501540234.jpg,0.9882510304450989,5.7606353759765625,12.639892578125,1525.290771484375,1869.400390625,/rs1/researchers/a/amallav/results/outputs_sam/masks/obs_333144263_photo_501540234_105__mask.png,/rs1/researchers/a/amallav/results/outputs_sam/masked_crops/obs_333144263_photo_501540234_105__crop.png
/share/ftrscape/image_dataset/obs_333664707_photo_605748155.jpg,0.9920061230659485,291.3710021972656,371.9202880859375,885.2222900390625,892.866943359375,/rs1/researchers/a/amallav/results/outputs_sam/masks/obs_333664707_photo_605748155_106__mask.png,/rs1/researchers/a/amallav/results/outputs_sam/masked_crops/obs_333664707_photo_605748155_106__crop.png
/share/ftrscape/image_dataset/obs_333664707_photo_605748155.jpg,0.9920415282249451,291.7560729980469,371.8333740234375,883.360595703125,891.8248901367188,/rs1/researchers/a/amallav/results/outputs_sam/masks/obs_333664707_photo_605748155_107__mask.png,/rs1/researchers/a/amallav/results/outputs_sam/masked_crops/obs_333664707_photo_605748155_107__crop.png
/share/ftrscape/image_dataset/obs_333664707_photo_605748155.jpg,0.9921280145645142,293.0516052246094,373.3561401367188,880.8350830078125,886.2595825195312,/rs1/researchers/a/amallav/results/outputs_sam/masks/obs_333664707_photo_605748155_108__mask.png,/rs1/researchers/a/amallav/results/outputs_sam/masked_crops/obs_333664707_photo_605748155_108__crop.png
/share/ftrscape/image_dataset/obs_334025380_photo_606497684.jpg,0.9314089417457581,432.7402648925781,1377.88671875,987.1045532226562,1622.004150390625,/rs1/researchers/a/amallav/results/outputs_sam/masks/obs_334025380_photo_606497684_109__mask.png,/rs1/researchers/a/amallav/results/outputs_sam/masked_crops/obs_334025380_photo_606497684_109__crop.png
/share/ftrscape/image_dataset/obs_334025380_photo_606497684.jpg,0.9576274752616882,405.6387634277344,481.6620178222656,659.4942626953125,640.719970703125,/rs1/researchers/a/amallav/results/outputs_sam/masks/obs_334025380_photo_606497684_110__mask.png,/rs1/researchers/a/amallav/results/outputs_sam/masked_crops/obs_334025380_photo_606497684_110__crop.png
/share/ftrscape/image_dataset/obs_334025380_photo_606497684.jpg,0.9442340135574341,738.022216796875,1378.16552734375,979.958251953125,1567.86669921875,/rs1/researchers/a/amallav/results/outputs_sam/masks/obs_334025380_photo_606497684_111__mask.png,/rs1/researchers/a/amallav/results/outputs_sam/masked_crops/obs_334025380_photo_606497684_111__crop.png
/share/ftrscape/image_dataset/obs_334025380_photo_606497684.jpg,0.9575600624084473,405.0066833496094,483.3768615722656,660.76806640625,641.5109252929688,/rs1/researchers/a/amallav/results/outputs_sam/masks/obs_334025380_photo_606497684_112__mask.png,/rs1/researchers/a/amallav/results/outputs_sam/masked_crops/obs_334025380_photo_606497684_112__crop.png
/share/ftrscape/image_dataset/obs_334025380_photo_606497684.jpg,0.9535903930664062,455.9390563964844,3.431465148925781,608.6124877929688,132.29901123046875,/rs1/researchers/a/amallav/results/outputs_sam/masks/obs_334025380_photo_606497684_113__mask.png,/rs1/researchers/a/amallav/results/outputs_sam/masked_crops/obs_334025380_photo_606497684_113__crop.png
/share/ftrscape/image_dataset/obs_33435868_photo_52515163.jpg,0.9927773475646973,532.5076904296875,5.72369384765625,1248.670654296875,2043.439453125,/rs1/researchers/a/amallav/results/outputs_sam/masks/obs_33435868_photo_52515163_2__mask.png,/rs1/researchers/a/amallav/results/outputs_sam/masked_crops/obs_33435868_photo_52515163_2__crop.png
/share/ftrscape/image_dataset/obs_33435868_photo_52515163.jpg,0.9928979873657227,533.1964111328125,0.35260009765625,1244.8299560546875,2046.050048828125,/rs1/researchers/a/amallav/results/outputs_sam/masks/obs_33435868_photo_52515163_3__mask.png,/rs1/researchers/a/amallav/results/outputs_sam/masked_crops/obs_33435868_photo_52515163_3__crop.png
/share/ftrscape/image_dataset/obs_33435868_photo_52515163.jpg,0.9928890466690063,535.8477783203125,-6.2923583984375,1154.93505859375,1224.935546875,/rs1/researchers/a/amallav/results/outputs_sam/masks/obs_33435868_photo_52515163_4__mask.png,/rs1/researchers/a/amallav/results/outputs_sam/masked_crops/obs_33435868_photo_52515163_4__crop.png
/share/ftrscape/image_dataset/obs_334758419_photo_607987821.jpg,0.9940339922904968,11.026473999023438,10.92919921875,1527.883056640625,2041.1494140625,/rs1/researchers/a/amallav/results/outputs_sam/masks/obs_334758419_photo_607987821_114__mask.png,/rs1/researchers/a/amallav/results/outputs_sam/masked_crops/obs_334758419_photo_607987821_114__crop.png
/share/ftrscape/image_dataset/obs_334758419_photo_607987821.jpg,0.9648737907409668,209.61734008789065,793.3921508789062,515.5059814453125,1034.277587890625,/rs1/researchers/a/amallav/results/outputs_sam/masks/obs_334758419_photo_607987821_115__mask.png,/rs1/researchers/a/amallav/results/outputs_sam/masked_crops/obs_334758419_photo_607987821_115__crop.png
/share/ftrscape/image_dataset/obs_334758419_photo_607987821.jpg,0.9750081896781921,875.033935546875,1162.14892578125,1107.6265869140625,1343.458740234375,/rs1/researchers/a/amallav/results/outputs_sam/masks/obs_334758419_photo_607987821_116__mask.png,/rs1/researchers/a/amallav/results/outputs_sam/masked_crops/obs_334758419_photo_607987821_116__crop.png
/share/ftrscape/image_dataset/obs_334758419_photo_607987821.jpg,0.9749096632003784,872.3096923828125,1160.0576171875,1106.204833984375,1343.23583984375,/rs1/researchers/a/amallav/results/outputs_sam/masks/obs_334758419_photo_607987821_117__mask.png,/rs1/researchers/a/amallav/results/outputs_sam/masked_crops/obs_334758419_photo_607987821_117__crop.png
/share/ftrscape/image_dataset/obs_334758419_photo_607987821.jpg,0.9690222144126892,216.48573303222656,21.68804931640625,1521.9884033203125,2039.440673828125,/rs1/researchers/a/amallav/results/outputs_sam/masks/obs_334758419_photo_607987821_118__mask.png,/rs1/researchers/a/amallav/results/outputs_sam/masked_crops/obs_334758419_photo_607987821_118__crop.png
/share/ftrscape/image_dataset/obs_336269939_photo_611037472.jpg,0.9725940227508545,609.18310546875,53.46295166015625,1044.2813720703125,1269.376953125,/rs1/researchers/a/amallav/results/outputs_sam/masks/obs_336269939_photo_611037472_119__mask.png,/rs1/researchers/a/amallav/results/outputs_sam/masked_crops/obs_336269939_photo_611037472_119__crop.png
/share/ftrscape/image_dataset/obs_336269939_photo_611037472.jpg,0.9726250767707825,612.4945068359375,57.65130615234375,1048.5126953125,1263.361572265625,/rs1/researchers/a/amallav/results/outputs_sam/masks/obs_336269939_photo_611037472_120__mask.png,/rs1/researchers/a/amallav/results/outputs_sam/masked_crops/obs_336269939_photo_611037472_120__crop.png
/share/ftrscape/image_dataset/obs_336269939_photo_611037472.jpg,0.9672680497169495,1061.7313232421875,12.04681396484375,1393.7862548828125,947.2169799804688,/rs1/researchers/a/amallav/results/outputs_sam/masks/obs_336269939_photo_611037472_121__mask.png,/rs1/researchers/a/amallav/results/outputs_sam/masked_crops/obs_336269939_photo_611037472_121__crop.png
/share/ftrscape/image_dataset/obs_336269939_photo_611037472.jpg,0.9671164751052856,1059.5869140625,15.510894775390623,1396.0693359375,949.2518310546876,/rs1/researchers/a/amallav/results/outputs_sam/masks/obs_336269939_photo_611037472_122__mask.png,/rs1/researchers/a/amallav/results/outputs_sam/masked_crops/obs_336269939_photo_611037472_122__crop.png
/share/ftrscape/image_dataset/obs_336269939_photo_611037472.jpg,0.9480312466621399,62.34567260742188,1295.9095458984375,898.801513671875,1635.2135009765625,/rs1/researchers/a/amallav/results/outputs_sam/masks/obs_336269939_photo_611037472_123__mask.png,/rs1/researchers/a/amallav/results/outputs_sam/masked_crops/obs_336269939_photo_611037472_123__crop.png
/share/ftrscape/image_dataset/obs_337063055_photo_612648507.jpg,0.9901997447013855,113.060546875,197.050048828125,1787.916259765625,1319.12939453125,/rs1/researchers/a/amallav/results/outputs_sam/masks/obs_337063055_photo_612648507_124__mask.png,/rs1/researchers/a/amallav/results/outputs_sam/masked_crops/obs_337063055_photo_612648507_124__crop.png
/share/ftrscape/image_dataset/obs_337063055_photo_612648507.jpg,0.9901397824287415,119.29437255859376,202.4752349853516,1789.841796875,1317.384765625,/rs1/researchers/a/amallav/results/outputs_sam/masks/obs_337063055_photo_612648507_125__mask.png,/rs1/researchers/a/amallav/results/outputs_sam/masked_crops/obs_337063055_photo_612648507_125__crop.png
/share/ftrscape/image_dataset/obs_337063055_photo_612648507.jpg,0.9542585015296936,957.8438720703124,390.9093933105469,1517.0013427734375,960.9310302734376,/rs1/researchers/a/amallav/results/outputs_sam/masks/obs_337063055_photo_612648507_126__mask.png,/rs1/researchers/a/amallav/results/outputs_sam/masked_crops/obs_337063055_photo_612648507_126__crop.png
/share/ftrscape/image_dataset/obs_337063055_photo_612648507.jpg,0.9902003407478333,112.11322021484376,201.16937255859372,1792.2470703125,1313.7821044921875,/rs1/researchers/a/amallav/results/outputs_sam/masks/obs_337063055_photo_612648507_127__mask.png,/rs1/researchers/a/amallav/results/outputs_sam/masked_crops/obs_337063055_photo_612648507_127__crop.png
/share/ftrscape/image_dataset/obs_337063055_photo_612648507.jpg,0.9367635250091553,376.55865478515625,204.5562744140625,1786.762451171875,1303.4783935546875,/rs1/researchers/a/amallav/results/outputs_sam/masks/obs_337063055_photo_612648507_128__mask.png,/rs1/researchers/a/amallav/results/outputs_sam/masked_crops/obs_337063055_photo_612648507_128__crop.png
/share/ftrscape/image_dataset/obs_337600645_photo_614526508.jpg,0.9830668568611145,630.9505615234375,3.530359268188477,956.9378051757812,415.83154296875,/rs1/researchers/a/amallav/results/outputs_sam/masks/obs_337600645_photo_614526508_129__mask.png,/rs1/researchers/a/amallav/results/outputs_sam/masked_crops/obs_337600645_photo_614526508_129__crop.png
/share/ftrscape/image_dataset/obs_337600645_photo_614526508.jpg,0.9514347314834595,760.5188598632812,1.1282042264938354,815.5266723632812,104.16819763183594,/rs1/researchers/a/amallav/results/outputs_sam/masks/obs_337600645_photo_614526508_130__mask.png,/rs1/researchers/a/amallav/results/outputs_sam/masked_crops/obs_337600645_photo_614526508_130__crop.png
/share/ftrscape/image_dataset/obs_337606242_photo_613762919.jpg,0.9942494630813599,6.5977783203125,154.1209716796875,1478.9031982421875,1318.271240234375,/rs1/researchers/a/amallav/results/outputs_sam/masks/obs_337606242_photo_613762919_131__mask.png,/rs1/researchers/a/amallav/results/outputs_sam/masked_crops/obs_337606242_photo_613762919_131__crop.png
/share/ftrscape/image_dataset/obs_337610708_photo_613769550.jpg,0.9779567718505859,610.6865844726562,19.08384704589844,1773.434326171875,1499.9600830078125,/rs1/researchers/a/amallav/results/outputs_sam/masks/obs_337610708_photo_613769550_132__mask.png,/rs1/researchers/a/amallav/results/outputs_sam/masked_crops/obs_337610708_photo_613769550_132__crop.png
/share/ftrscape/image_dataset/obs_337610708_photo_613769550.jpg,0.9744306206703186,589.9598388671875,21.80433654785156,1756.6263427734375,1492.4813232421875,/rs1/researchers/a/amallav/results/outputs_sam/masks/obs_337610708_photo_613769550_133__mask.png,/rs1/researchers/a/amallav/results/outputs_sam/masked_crops/obs_337610708_photo_613769550_133__crop.png
/share/ftrscape/image_dataset/obs_337610708_photo_613769550.jpg,0.949203610420227,718.789794921875,572.0311279296875,1639.907958984375,1418.6834716796875,/rs1/researchers/a/amallav/results/outputs_sam/masks/obs_337610708_photo_613769550_134__mask.png,/rs1/researchers/a/amallav/results/outputs_sam/masked_crops/obs_337610708_photo_613769550_134__crop.png
/share/ftrscape/image_dataset/obs_337610708_photo_613769550.jpg,0.9420371055603027,38.010009765625,6.7042236328125,1800.3519287109375,1516.9207763671875,/rs1/researchers/a/amallav/results/outputs_sam/masks/obs_337610708_photo_613769550_135__mask.png,/rs1/researchers/a/amallav/results/outputs_sam/masked_crops/obs_337610708_photo_613769550_135__crop.png
/share/ftrscape/image_dataset/obs_337610708_photo_613769550.jpg,0.8661888241767883,952.513671875,641.8707275390625,1166.88671875,874.3182373046875,/rs1/researchers/a/amallav/results/outputs_sam/masks/obs_337610708_photo_613769550_136__mask.png,/rs1/researchers/a/amallav/results/outputs_sam/masked_crops/obs_337610708_photo_613769550_136__crop.png
/share/ftrscape/image_dataset/obs_337610714_photo_613769638.jpg,0.991637647151947,-5.71966552734375,377.7721252441406,1297.461669921875,1276.2061767578125,/rs1/researchers/a/amallav/results/outputs_sam/masks/obs_337610714_photo_613769638_137__mask.png,/rs1/researchers/a/amallav/results/outputs_sam/masked_crops/obs_337610714_photo_613769638_137__crop.png
/share/ftrscape/image_dataset/obs_337610714_photo_613769638.jpg,0.9950902462005615,1228.382080078125,312.79718017578125,2046.30859375,991.68017578125,/rs1/researchers/a/amallav/results/outputs_sam/masks/obs_337610714_photo_613769638_138__mask.png,/rs1/researchers/a/amallav/results/outputs_sam/masked_crops/obs_337610714_photo_613769638_138__crop.png
/share/ftrscape/image_dataset/obs_337610714_photo_613769638.jpg,0.9918900728225708,-16.003662109375,363.9705505371094,1313.340087890625,1290.1881103515625,/rs1/researchers/a/amallav/results/outputs_sam/masks/obs_337610714_photo_613769638_139__mask.png,/rs1/researchers/a/amallav/results/outputs_sam/masked_crops/obs_337610714_photo_613769638_139__crop.png
/share/ftrscape/image_dataset/obs_337610714_photo_613769638.jpg,0.9839836359024048,4.927734375,6.555816650390625,2040.7686767578125,1529.5328369140625,/rs1/researchers/a/amallav/results/outputs_sam/masks/obs_337610714_photo_613769638_140__mask.png,/rs1/researchers/a/amallav/results/outputs_sam/masked_crops/obs_337610714_photo_613769638_140__crop.png
/share/ftrscape/image_dataset/obs_337610714_photo_613769638.jpg,0.9916700124740601,-8.22113037109375,374.7205810546875,1297.04345703125,1282.012939453125,/rs1/researchers/a/amallav/results/outputs_sam/masks/obs_337610714_photo_613769638_141__mask.png,/rs1/researchers/a/amallav/results/outputs_sam/masked_crops/obs_337610714_photo_613769638_141__crop.png
/share/ftrscape/image_dataset/obs_338007030_photo_614585734.jpg,0.9861331582069397,546.9983520507812,93.43004608154295,1816.193359375,1208.2181396484375,/rs1/researchers/a/amallav/results/outputs_sam/masks/obs_338007030_photo_614585734_142__mask.png,/rs1/researchers/a/amallav/results/outputs_sam/masked_crops/obs_338007030_photo_614585734_142__crop.png
/share/ftrscape/image_dataset/obs_338007030_photo_614585734.jpg,0.9752231240272522,1421.275634765625,988.6768188476562,1604.17333984375,1221.385009765625,/rs1/researchers/a/amallav/results/outputs_sam/masks/obs_338007030_photo_614585734_143__mask.png,/rs1/researchers/a/amallav/results/outputs_sam/masked_crops/obs_338007030_photo_614585734_143__crop.png
/share/ftrscape/image_dataset/obs_338486970_photo_615576074.jpg,0.9882000684738159,74.15043640136719,247.95263671875,1465.497314453125,1687.2464599609375,/rs1/researchers/a/amallav/results/outputs_sam/masks/obs_338486970_photo_615576074_144__mask.png,/rs1/researchers/a/amallav/results/outputs_sam/masked_crops/obs_338486970_photo_615576074_144__crop.png
/share/ftrscape/image_dataset/obs_338486970_photo_615576074.jpg,0.9882394075393677,77.97587585449219,246.85955810546875,1464.374755859375,1686.822998046875,/rs1/researchers/a/amallav/results/outputs_sam/masks/obs_338486970_photo_615576074_145__mask.png,/rs1/researchers/a/amallav/results/outputs_sam/masked_crops/obs_338486970_photo_615576074_145__crop.png
/share/ftrscape/image_dataset/obs_339993526_photo_618618071.jpg,0.9879152774810791,263.66583251953125,186.87730407714844,1420.1357421875,1469.08251953125,/rs1/researchers/a/amallav/results/outputs_sam/masks/obs_339993526_photo_618618071_146__mask.png,/rs1/researchers/a/amallav/results/outputs_sam/masked_crops/obs_339993526_photo_618618071_146__crop.png
/share/ftrscape/image_dataset/obs_339993526_photo_618618071.jpg,0.9878124594688416,507.9083862304688,1.499908447265625,2049.951904296875,1520.7947998046875,/rs1/researchers/a/amallav/results/outputs_sam/masks/obs_339993526_photo_618618071_147__mask.png,/rs1/researchers/a/amallav/results/outputs_sam/masked_crops/obs_339993526_photo_618618071_147__crop.png
/share/ftrscape/image_dataset/obs_339993526_photo_618618071.jpg,0.9356520175933838,254.4649658203125,-1.2580718994140625,2035.8331298828125,1514.5733642578125,/rs1/researchers/a/amallav/results/outputs_sam/masks/obs_339993526_photo_618618071_148__mask.png,/rs1/researchers/a/amallav/results/outputs_sam/masked_crops/obs_339993526_photo_618618071_148__crop.png
/share/ftrscape/image_dataset/obs_339993526_photo_618618071.jpg,0.9839773774147034,255.68438720703125,25.91546630859375,1434.527587890625,1465.3428955078125,/rs1/researchers/a/amallav/results/outputs_sam/masks/obs_339993526_photo_618618071_149__mask.png,/rs1/researchers/a/amallav/results/outputs_sam/masked_crops/obs_339993526_photo_618618071_149__crop.png
/share/ftrscape/image_dataset/obs_340263466_photo_619175705.jpg,0.9547333717346191,6.25946044921875,12.72442626953125,1322.008056640625,1599.060302734375,/rs1/researchers/a/amallav/results/outputs_sam/masks/obs_340263466_photo_619175705_150__mask.png,/rs1/researchers/a/amallav/results/outputs_sam/masked_crops/obs_340263466_photo_619175705_150__crop.png
/share/ftrscape/image_dataset/obs_340263466_photo_619175705.jpg,0.9850815534591675,3.1541290283203125,-1.27618408203125,1528.822265625,2031.330322265625,/rs1/researchers/a/amallav/results/outputs_sam/masks/obs_340263466_photo_619175705_151__mask.png,/rs1/researchers/a/amallav/results/outputs_sam/masked_crops/obs_340263466_photo_619175705_151__crop.png
/share/ftrscape/image_dataset/obs_340263466_photo_619175705.jpg,0.9566382765769958,6.507110595703125,2.17425537109375,1347.25244140625,1616.3935546875,/rs1/researchers/a/amallav/results/outputs_sam/masks/obs_340263466_photo_619175705_152__mask.png,/rs1/researchers/a/amallav/results/outputs_sam/masked_crops/obs_340263466_photo_619175705_152__crop.png
/share/ftrscape/image_dataset/obs_340263466_photo_619175705.jpg,0.9844682812690735,4.989303588867188,11.18780517578125,1527.240966796875,2041.71826171875,/rs1/researchers/a/amallav/results/outputs_sam/masks/obs_340263466_photo_619175705_153__mask.png,/rs1/researchers/a/amallav/results/outputs_sam/masked_crops/obs_340263466_photo_619175705_153__crop.png
/share/ftrscape/image_dataset/obs_340263466_photo_619175705.jpg,0.9560932517051697,7.433807373046875,7.54083251953125,1339.6744384765625,1625.937744140625,/rs1/researchers/a/amallav/results/outputs_sam/masks/obs_340263466_photo_619175705_154__mask.png,/rs1/researchers/a/amallav/results/outputs_sam/masked_crops/obs_340263466_photo_619175705_154__crop.png
/share/ftrscape/image_dataset/obs_340271186_photo_619190124.jpg,0.9596668481826782,17.27435302734375,523.9968872070312,1517.7886962890625,1777.093505859375,/rs1/researchers/a/amallav/results/outputs_sam/masks/obs_340271186_photo_619190124_155__mask.png,/rs1/researchers/a/amallav/results/outputs_sam/masked_crops/obs_340271186_photo_619190124_155__crop.png
/share/ftrscape/image_dataset/obs_340271186_photo_619190124.jpg,0.9072025418281555,10.086456298828123,19.16265869140625,1517.19482421875,1773.5634765625,/rs1/researchers/a/amallav/results/outputs_sam/masks/obs_340271186_photo_619190124_156__mask.png,/rs1/researchers/a/amallav/results/outputs_sam/masked_crops/obs_340271186_photo_619190124_156__crop.png
/share/ftrscape/image_dataset/obs_340304697_photo_619256274.jpg,0.9859349727630615,464.3567199707031,446.002197265625,1233.799560546875,1218.3218994140625,/rs1/researchers/a/amallav/results/outputs_sam/masks/obs_340304697_photo_619256274_157__mask.png,/rs1/researchers/a/amallav/results/outputs_sam/masked_crops/obs_340304697_photo_619256274_157__crop.png
/share/ftrscape/image_dataset/obs_340304697_photo_619256274.jpg,0.9802933931350708,465.3877258300781,514.7173461914062,1228.4942626953125,1216.27978515625,/rs1/researchers/a/amallav/results/outputs_sam/masks/obs_340304697_photo_619256274_158__mask.png,/rs1/researchers/a/amallav/results/outputs_sam/masked_crops/obs_340304697_photo_619256274_158__crop.png
/share/ftrscape/image_dataset/obs_340326193_photo_619295159.jpg,0.9557691216468811,64.86387634277344,5.2354736328125,1521.610595703125,2024.905029296875,/rs1/researchers/a/amallav/results/outputs_sam/masks/obs_340326193_photo_619295159_159__mask.png,/rs1/researchers/a/amallav/results/outputs_sam/masked_crops/obs_340326193_photo_619295159_159__crop.png
/share/ftrscape/image_dataset/obs_340326193_photo_619295159.jpg,0.9125868678092957,180.3230438232422,14.779541015625,1520.68896484375,2017.6041259765625,/rs1/researchers/a/amallav/results/outputs_sam/masks/obs_340326193_photo_619295159_160__mask.png,/rs1/researchers/a/amallav/results/outputs_sam/masked_crops/obs_340326193_photo_619295159_160__crop.png
/share/ftrscape/image_dataset/obs_340326194_photo_619295158.jpg,0.9908366203308105,591.844970703125,275.7169189453125,1008.6337890625,1227.805419921875,/rs1/researchers/a/amallav/results/outputs_sam/masks/obs_340326194_photo_619295158_161__mask.png,/rs1/researchers/a/amallav/results/outputs_sam/masked_crops/obs_340326194_photo_619295158_161__crop.png
/share/ftrscape/image_dataset/obs_340326194_photo_619295158.jpg,0.9478257894515991,868.2586669921875,965.801025390625,941.7727661132812,1052.8612060546875,/rs1/researchers/a/amallav/results/outputs_sam/masks/obs_340326194_photo_619295158_162__mask.png,/rs1/researchers/a/amallav/results/outputs_sam/masked_crops/obs_340326194_photo_619295158_162__crop.png
/share/ftrscape/image_dataset/obs_340326194_photo_619295158.jpg,0.9908490180969238,591.7803955078125,276.66375732421875,1007.6383666992188,1225.989013671875,/rs1/researchers/a/amallav/results/outputs_sam/masks/obs_340326194_photo_619295158_163__mask.png,/rs1/researchers/a/amallav/results/outputs_sam/masked_crops/obs_340326194_photo_619295158_163__crop.png
/share/ftrscape/image_dataset/obs_340326194_photo_619295158.jpg,0.9908718466758728,593.1655883789062,279.1560974121094,1007.0494995117188,1222.1112060546875,/rs1/researchers/a/amallav/results/outputs_sam/masks/obs_340326194_photo_619295158_164__mask.png,/rs1/researchers/a/amallav/results/outputs_sam/masked_crops/obs_340326194_photo_619295158_164__crop.png
/share/ftrscape/image_dataset/obs_340337296_photo_536341964.jpg,0.9120286703109741,192.69952392578125,7.984588623046875,1491.958740234375,1525.339111328125,/rs1/researchers/a/amallav/results/outputs_sam/masks/obs_340337296_photo_536341964_165__mask.png,/rs1/researchers/a/amallav/results/outputs_sam/masked_crops/obs_340337296_photo_536341964_165__crop.png
/share/ftrscape/image_dataset/obs_340337296_photo_536341964.jpg,0.9899477362632751,847.03564453125,933.3568725585938,1481.112060546875,1528.4638671875,/rs1/researchers/a/amallav/results/outputs_sam/masks/obs_340337296_photo_536341964_166__mask.png,/rs1/researchers/a/amallav/results/outputs_sam/masked_crops/obs_340337296_photo_536341964_166__crop.png
/share/ftrscape/image_dataset/obs_340337296_photo_536341964.jpg,0.9805178642272949,655.203369140625,929.1759033203124,1484.424072265625,1528.705322265625,/rs1/researchers/a/amallav/results/outputs_sam/masks/obs_340337296_photo_536341964_167__mask.png,/rs1/researchers/a/amallav/results/outputs_sam/masked_crops/obs_340337296_photo_536341964_167__crop.png
/share/ftrscape/image_dataset/obs_340337296_photo_536341964.jpg,0.9800624251365662,629.2449951171875,624.2034912109375,1472.9217529296875,1527.7041015625,/rs1/researchers/a/amallav/results/outputs_sam/masks/obs_340337296_photo_536341964_168__mask.png,/rs1/researchers/a/amallav/results/outputs_sam/masked_crops/obs_340337296_photo_536341964_168__crop.png
/share/ftrscape/image_dataset/obs_340337865_photo_533753896.jpg,0.9861845374107361,344.91461181640625,945.40771484375,682.2686157226562,1601.40234375,/rs1/researchers/a/amallav/results/outputs_sam/masks/obs_340337865_photo_533753896_169__mask.png,/rs1/researchers/a/amallav/results/outputs_sam/masked_crops/obs_340337865_photo_533753896_169__crop.png
/share/ftrscape/image_dataset/obs_340337865_photo_533753896.jpg,0.9852759838104248,602.4159545898438,1582.21435546875,972.1865234375,2039.02490234375,/rs1/researchers/a/amallav/results/outputs_sam/masks/obs_340337865_photo_533753896_170__mask.png,/rs1/researchers/a/amallav/results/outputs_sam/masked_crops/obs_340337865_photo_533753896_170__crop.png
/share/ftrscape/image_dataset/obs_340337865_photo_533753896.jpg,0.9849177002906799,0.6863021850585938,1403.1385498046875,166.7699737548828,1671.8541259765625,/rs1/researchers/a/amallav/results/outputs_sam/masks/obs_340337865_photo_533753896_171__mask.png,/rs1/researchers/a/amallav/results/outputs_sam/masked_crops/obs_340337865_photo_533753896_171__crop.png
/share/ftrscape/image_dataset/obs_340337865_photo_533753896.jpg,0.9852976202964783,600.9852294921875,1581.3599853515625,973.1694946289062,2036.2584228515625,/rs1/researchers/a/amallav/results/outputs_sam/masks/obs_340337865_photo_533753896_172__mask.png,/rs1/researchers/a/amallav/results/outputs_sam/masked_crops/obs_340337865_photo_533753896_172__crop.png
/share/ftrscape/image_dataset/obs_340364592_photo_619375042.jpg,0.9000028371810913,269.6578369140625,320.7812805175781,1533.198974609375,1285.716552734375,/rs1/researchers/a/amallav/results/outputs_sam/masks/obs_340364592_photo_619375042_173__mask.png,/rs1/researchers/a/amallav/results/outputs_sam/masked_crops/obs_340364592_photo_619375042_173__crop.png
/share/ftrscape/image_dataset/obs_340364592_photo_619375042.jpg,0.9000744223594666,270.6341552734375,312.489501953125,1537.048583984375,1283.61669921875,/rs1/researchers/a/amallav/results/outputs_sam/masks/obs_340364592_photo_619375042_174__mask.png,/rs1/researchers/a/amallav/results/outputs_sam/masked_crops/obs_340364592_photo_619375042_174__crop.png
/share/ftrscape/image_dataset/obs_340364592_photo_619375042.jpg,0.8877699375152588,265.5233154296875,742.6590576171875,834.471435546875,1292.9967041015625,/rs1/researchers/a/amallav/results/outputs_sam/masks/obs_340364592_photo_619375042_175__mask.png,/rs1/researchers/a/amallav/results/outputs_sam/masked_crops/obs_340364592_photo_619375042_175__crop.png
/share/ftrscape/image_dataset/obs_340364592_photo_619375042.jpg,0.9008306264877319,266.64208984375,319.8927001953125,1539.462158203125,1283.5556640625,/rs1/researchers/a/amallav/results/outputs_sam/masks/obs_340364592_photo_619375042_176__mask.png,/rs1/researchers/a/amallav/results/outputs_sam/masked_crops/obs_340364592_photo_619375042_176__crop.png
/share/ftrscape/image_dataset/obs_340368188_photo_619383348.jpg,0.9890702962875366,832.142578125,1024.435791015625,1320.7261962890625,1608.287841796875,/rs1/researchers/a/amallav/results/outputs_sam/masks/obs_340368188_photo_619383348_177__mask.png,/rs1/researchers/a/amallav/results/outputs_sam/masked_crops/obs_340368188_photo_619383348_177__crop.png
/share/ftrscape/image_dataset/obs_340368188_photo_619383348.jpg,0.9891101121902466,832.9307861328125,1018.777587890625,1320.0806884765625,1608.720703125,/rs1/researchers/a/amallav/results/outputs_sam/masks/obs_340368188_photo_619383348_178__mask.png,/rs1/researchers/a/amallav/results/outputs_sam/masked_crops/obs_340368188_photo_619383348_178__crop.png
/share/ftrscape/image_dataset/obs_340368188_photo_619383348.jpg,0.9720306396484375,376.9036254882813,16.3023681640625,1334.2774658203125,2052.8056640625,/rs1/researchers/a/amallav/results/outputs_sam/masks/obs_340368188_photo_619383348_179__mask.png,/rs1/researchers/a/amallav/results/outputs_sam/masked_crops/obs_340368188_photo_619383348_179__crop.png
/share/ftrscape/image_dataset/obs_340368188_photo_619383348.jpg,0.984792947769165,390.5338439941406,1011.9342651367188,1315.706787109375,2039.96826171875,/rs1/researchers/a/amallav/results/outputs_sam/masks/obs_340368188_photo_619383348_180__mask.png,/rs1/researchers/a/amallav/results/outputs_sam/masked_crops/obs_340368188_photo_619383348_180__crop.png
/share/ftrscape/image_dataset/obs_340433312_photo_619519266.jpg,0.9283385276794434,49.51185607910156,612.0753173828125,1324.953125,1735.2095947265625,/rs1/researchers/a/amallav/results/outputs_sam/masks/obs_340433312_photo_619519266_181__mask.png,/rs1/researchers/a/amallav/results/outputs_sam/masked_crops/obs_340433312_photo_619519266_181__crop.png
/share/ftrscape/image_dataset/obs_340433312_photo_619519266.jpg,0.9282966256141663,47.71893310546875,604.491943359375,1326.51318359375,1719.121337890625,/rs1/researchers/a/amallav/results/outputs_sam/masks/obs_340433312_photo_619519266_182__mask.png,/rs1/researchers/a/amallav/results/outputs_sam/masked_crops/obs_340433312_photo_619519266_182__crop.png
/share/ftrscape/image_dataset/obs_340433312_photo_619519266.jpg,0.9292969107627869,40.09620666503906,609.2198486328125,1321.3427734375,1738.0216064453125,/rs1/researchers/a/amallav/results/outputs_sam/masks/obs_340433312_photo_619519266_183__mask.png,/rs1/researchers/a/amallav/results/outputs_sam/masked_crops/obs_340433312_photo_619519266_183__crop.png
/share/ftrscape/image_dataset/obs_340433312_photo_619519266.jpg,0.9286947250366211,40.02264404296875,595.720703125,1326.1513671875,1736.51708984375,/rs1/researchers/a/amallav/results/outputs_sam/masks/obs_340433312_photo_619519266_184__mask.png,/rs1/researchers/a/amallav/results/outputs_sam/masked_crops/obs_340433312_photo_619519266_184__crop.png
/share/ftrscape/image_dataset/obs_340433312_photo_619519266.jpg,0.9478490352630615,455.9419555664063,804.8436889648438,1081.2490234375,1484.28173828125,/rs1/researchers/a/amallav/results/outputs_sam/masks/obs_340433312_photo_619519266_185__mask.png,/rs1/researchers/a/amallav/results/outputs_sam/masked_crops/obs_340433312_photo_619519266_185__crop.png
/share/ftrscape/image_dataset/obs_340514309_photo_619678757.jpg,0.9958252906799316,559.1246948242188,375.6656494140625,1829.07470703125,1528.2374267578125,/rs1/researchers/a/amallav/results/outputs_sam/masks/obs_340514309_photo_619678757_186__mask.png,/rs1/researchers/a/amallav/results/outputs_sam/masked_crops/obs_340514309_photo_619678757_186__crop.png
/share/ftrscape/image_dataset/obs_340514309_photo_619678757.jpg,0.9958410859107971,560.4391479492188,380.7017822265625,1824.61083984375,1531.9248046875,/rs1/researchers/a/amallav/results/outputs_sam/masks/obs_340514309_photo_619678757_187__mask.png,/rs1/researchers/a/amallav/results/outputs_sam/masked_crops/obs_340514309_photo_619678757_187__crop.png
/share/ftrscape/image_dataset/obs_340514310_photo_619679014.jpg,0.9545385837554932,9.08721923828125,9.632034301757812,1467.843505859375,953.9835205078124,/rs1/researchers/a/amallav/results/outputs_sam/masks/obs_340514310_photo_619679014_188__mask.png,/rs1/researchers/a/amallav/results/outputs_sam/masked_crops/obs_340514310_photo_619679014_188__crop.png
/share/ftrscape/image_dataset/obs_340514310_photo_619679014.jpg,0.9456219673156738,775.0638427734375,358.8916015625,1441.8734130859375,934.7178955078124,/rs1/researchers/a/amallav/results/outputs_sam/masks/obs_340514310_photo_619679014_189__mask.png,/rs1/researchers/a/amallav/results/outputs_sam/masked_crops/obs_340514310_photo_619679014_189__crop.png
/share/ftrscape/image_dataset/obs_340542613_photo_619737737.jpg,0.9870423078536987,160.98663330078125,303.1239624023437,1470.16455078125,1835.365234375,/rs1/researchers/a/amallav/results/outputs_sam/masks/obs_340542613_photo_619737737_190__mask.png,/rs1/researchers/a/amallav/results/outputs_sam/masked_crops/obs_340542613_photo_619737737_190__crop.png
/share/ftrscape/image_dataset/obs_340542613_photo_619737737.jpg,0.9870060682296753,162.33758544921875,310.7630615234375,1473.952880859375,1831.7196044921875,/rs1/researchers/a/amallav/results/outputs_sam/masks/obs_340542613_photo_619737737_191__mask.png,/rs1/researchers/a/amallav/results/outputs_sam/masked_crops/obs_340542613_photo_619737737_191__crop.png
/share/ftrscape/image_dataset/obs_340542613_photo_619737737.jpg,0.975814938545227,153.47840881347656,1063.663330078125,564.3064575195312,1591.199951171875,/rs1/researchers/a/amallav/results/outputs_sam/masks/obs_340542613_photo_619737737_192__mask.png,/rs1/researchers/a/amallav/results/outputs_sam/masked_crops/obs_340542613_photo_619737737_192__crop.png
/share/ftrscape/image_dataset/obs_340825934_photo_620308797.jpg,0.9788165092468262,220.7801818847656,247.99212646484372,938.6837158203124,1270.098388671875,/rs1/researchers/a/amallav/results/outputs_sam/masks/obs_340825934_photo_620308797_193__mask.png,/rs1/researchers/a/amallav/results/outputs_sam/masked_crops/obs_340825934_photo_620308797_193__crop.png
/share/ftrscape/image_dataset/obs_340848497_photo_620354560.jpg,0.9173209071159363,652.3480224609375,1002.3180541992188,1153.204833984375,1235.6124267578125,/rs1/researchers/a/amallav/results/outputs_sam/masks/obs_340848497_photo_620354560_194__mask.png,/rs1/researchers/a/amallav/results/outputs_sam/masked_crops/obs_340848497_photo_620354560_194__crop.png
/share/ftrscape/image_dataset/obs_340848497_photo_620354560.jpg,0.9525722861289978,853.6890869140625,1217.1082763671875,1225.1263427734375,1529.6878662109375,/rs1/researchers/a/amallav/results/outputs_sam/masks/obs_340848497_photo_620354560_195__mask.png,/rs1/researchers/a/amallav/results/outputs_sam/masked_crops/obs_340848497_photo_620354560_195__crop.png
/share/ftrscape/image_dataset/obs_340848497_photo_620354560.jpg,0.9594571590423584,511.9639892578125,728.9481811523438,688.6261596679688,935.0972290039062,/rs1/researchers/a/amallav/results/outputs_sam/masks/obs_340848497_photo_620354560_196__mask.png,/rs1/researchers/a/amallav/results/outputs_sam/masked_crops/obs_340848497_photo_620354560_196__crop.png
/share/ftrscape/image_dataset/obs_340848497_photo_620354560.jpg,0.9563667178153992,668.049560546875,777.2791748046875,861.610107421875,1056.5777587890625,/rs1/researchers/a/amallav/results/outputs_sam/masks/obs_340848497_photo_620354560_197__mask.png,/rs1/researchers/a/amallav/results/outputs_sam/masked_crops/obs_340848497_photo_620354560_197__crop.png
/share/ftrscape/image_dataset/obs_340848497_photo_620354560.jpg,0.9735782146453857,7.3919677734375,400.6146545410156,1527.958984375,731.0364990234375,/rs1/researchers/a/amallav/results/outputs_sam/masks/obs_340848497_photo_620354560_198__mask.png,/rs1/researchers/a/amallav/results/outputs_sam/masked_crops/obs_340848497_photo_620354560_198__crop.png
/share/ftrscape/image_dataset/obs_340848514_photo_620354575.jpg,0.9543307423591614,397.0778503417969,516.378662109375,588.1784057617188,799.2164916992188,/rs1/researchers/a/amallav/results/outputs_sam/masks/obs_340848514_photo_620354575_199__mask.png,/rs1/researchers/a/amallav/results/outputs_sam/masked_crops/obs_340848514_photo_620354575_199__crop.png
/share/ftrscape/image_dataset/obs_340848514_photo_620354575.jpg,0.9542032480239868,396.6548156738281,516.5745239257812,587.1472778320312,800.2962036132812,/rs1/researchers/a/amallav/results/outputs_sam/masks/obs_340848514_photo_620354575_200__mask.png,/rs1/researchers/a/amallav/results/outputs_sam/masked_crops/obs_340848514_photo_620354575_200__crop.png
/share/ftrscape/image_dataset/obs_340848514_photo_620354575.jpg,0.8502214550971985,474.35247802734375,547.4425659179688,528.392822265625,599.5044555664062,/rs1/researchers/a/amallav/results/outputs_sam/masks/obs_340848514_photo_620354575_201__mask.png,/rs1/researchers/a/amallav/results/outputs_sam/masked_crops/obs_340848514_photo_620354575_201__crop.png
/share/ftrscape/image_dataset/obs_340848514_photo_620354575.jpg,0.9181990623474121,394.247314453125,332.8149719238281,616.9749755859375,814.1275634765625,/rs1/researchers/a/amallav/results/outputs_sam/masks/obs_340848514_photo_620354575_202__mask.png,/rs1/researchers/a/amallav/results/outputs_sam/masked_crops/obs_340848514_photo_620354575_202__crop.png
/share/ftrscape/image_dataset/obs_340848746_photo_620355031.jpg,0.9786401987075806,550.774658203125,689.8460083007812,971.2584228515624,1170.702392578125,/rs1/researchers/a/amallav/results/outputs_sam/masks/obs_340848746_photo_620355031_203__mask.png,/rs1/researchers/a/amallav/results/outputs_sam/masked_crops/obs_340848746_photo_620355031_203__crop.png
/share/ftrscape/image_dataset/obs_341060278_photo_547585371.jpg,0.9255212545394897,332.052490234375,1063.501953125,1532.6845703125,2044.55908203125,/rs1/researchers/a/amallav/results/outputs_sam/masks/obs_341060278_photo_547585371_204__mask.png,/rs1/researchers/a/amallav/results/outputs_sam/masked_crops/obs_341060278_photo_547585371_204__crop.png
/share/ftrscape/image_dataset/obs_341060278_photo_547585371.jpg,0.9866974949836731,837.5445556640625,2.5107421875,1146.822021484375,1303.640380859375,/rs1/researchers/a/amallav/results/outputs_sam/masks/obs_341060278_photo_547585371_205__mask.png,/rs1/researchers/a/amallav/results/outputs_sam/masked_crops/obs_341060278_photo_547585371_205__crop.png
/share/ftrscape/image_dataset/obs_341060278_photo_547585371.jpg,0.9875262379646301,1124.376708984375,16.677886962890625,1533.926513671875,980.7073974609376,/rs1/researchers/a/amallav/results/outputs_sam/masks/obs_341060278_photo_547585371_206__mask.png,/rs1/researchers/a/amallav/results/outputs_sam/masked_crops/obs_341060278_photo_547585371_206__crop.png
/share/ftrscape/image_dataset/obs_341060278_photo_547585371.jpg,0.9357741475105286,2.5482330322265625,417.1462097167969,1032.52587890625,1061.2274169921875,/rs1/researchers/a/amallav/results/outputs_sam/masks/obs_341060278_photo_547585371_207__mask.png,/rs1/researchers/a/amallav/results/outputs_sam/masked_crops/obs_341060278_photo_547585371_207__crop.png
/share/ftrscape/image_dataset/obs_341060278_photo_547585371.jpg,0.9715451002120972,145.10360717773438,1101.828857421875,351.2041015625,1395.17041015625,/rs1/researchers/a/amallav/results/outputs_sam/masks/obs_341060278_photo_547585371_208__mask.png,/rs1/researchers/a/amallav/results/outputs_sam/masked_crops/obs_341060278_photo_547585371_208__crop.png
/share/ftrscape/image_dataset/obs_341067936_photo_620805844.jpg,0.9489628672599792,854.82080078125,505.1255187988281,1196.499755859375,793.7623901367188,/rs1/researchers/a/amallav/results/outputs_sam/masks/obs_341067936_photo_620805844_209__mask.png,/rs1/researchers/a/amallav/results/outputs_sam/masked_crops/obs_341067936_photo_620805844_209__crop.png
/share/ftrscape/image_dataset/obs_341067936_photo_620805844.jpg,0.9505132436752319,856.7308959960938,506.4337768554688,1193.660400390625,787.3629150390625,/rs1/researchers/a/amallav/results/outputs_sam/masks/obs_341067936_photo_620805844_210__mask.png,/rs1/researchers/a/amallav/results/outputs_sam/masked_crops/obs_341067936_photo_620805844_210__crop.png
/share/ftrscape/image_dataset/obs_341067936_photo_620805844.jpg,0.9513127207756042,842.68310546875,495.7907409667969,1213.9150390625,862.34326171875,/rs1/researchers/a/amallav/results/outputs_sam/masks/obs_341067936_photo_620805844_211__mask.png,/rs1/researchers/a/amallav/results/outputs_sam/masked_crops/obs_341067936_photo_620805844_211__crop.png
/share/ftrscape/image_dataset/obs_341194952_photo_621071156.jpg,0.9668846130371094,614.8746337890625,1029.53564453125,1328.7218017578125,1917.0224609375,/rs1/researchers/a/amallav/results/outputs_sam/masks/obs_341194952_photo_621071156_212__mask.png,/rs1/researchers/a/amallav/results/outputs_sam/masked_crops/obs_341194952_photo_621071156_212__crop.png
/share/ftrscape/image_dataset/obs_341194952_photo_621071156.jpg,0.8715621829032898,901.9306640625,1633.8433837890625,1176.966796875,1911.9295654296875,/rs1/researchers/a/amallav/results/outputs_sam/masks/obs_341194952_photo_621071156_213__mask.png,/rs1/researchers/a/amallav/results/outputs_sam/masked_crops/obs_341194952_photo_621071156_213__crop.png
/share/ftrscape/image_dataset/obs_341194952_photo_621071156.jpg,0.8700005412101746,1065.0677490234375,1630.257568359375,1171.3668212890625,1908.49755859375,/rs1/researchers/a/amallav/results/outputs_sam/masks/obs_341194952_photo_621071156_214__mask.png,/rs1/researchers/a/amallav/results/outputs_sam/masked_crops/obs_341194952_photo_621071156_214__crop.png
/share/ftrscape/image_dataset/obs_64497720_photo_103704678.jpg,0.9803763628005981,660.1915283203125,344.279296875,1429.1263427734375,760.379150390625,/rs1/researchers/a/amallav/results/outputs_sam/masks/obs_64497720_photo_103704678_5__mask.png,/rs1/researchers/a/amallav/results/outputs_sam/masked_crops/obs_64497720_photo_103704678_5__crop.png
/share/ftrscape/image_dataset/obs_64497720_photo_103704678.jpg,0.9803800582885742,664.636474609375,343.0235595703125,1425.333740234375,758.6436767578125,/rs1/researchers/a/amallav/results/outputs_sam/masks/obs_64497720_photo_103704678_6__mask.png,/rs1/researchers/a/amallav/results/outputs_sam/masked_crops/obs_64497720_photo_103704678_6__crop.png
