species,kingdom,phylum,class,user_class,order,family,genus
Anolis sagrei,Animalia,Chordata,Squamata,Reptilia,,Dactyloidae,Anolis
Scincella lateralis,Animalia,Chordata,Squamata,Reptilia,,Scincidae,Scincella
Hemidactylus mabouia,Animalia,Chordata,Squamata,Reptilia,,Gekkonidae,Hemidactylus
Chondrodactylus laevigatus,Animalia,Chordata,Squamata,Reptilia,,Gekkonidae,Chondrodactylus
Causus rhombeatus,Animalia,Chordata,Squamata,Reptilia,,Viperidae,Causus
Dipsas bicolor,Animalia,Chordata,Squamata,Reptilia,,Colubridae,Dipsas
Alligator mississippiensis,Animalia,Chordata,Crocodylia,Reptilia,,Alligatoridae,Alligator
Zamenis longissimus,Animalia,Chordata,Squamata,Reptilia,,Colubridae,Zamenis
Podarcis siculus,Animalia,Chordata,Squamata,Reptilia,,Lacertidae,Podarcis
Kinixys zombensis,Animalia,Chordata,Testudines,Reptilia,,Testudinidae,Kinixys
Vipera aspis,Animalia,Chordata,Squamata,Reptilia,,Viperidae,Vipera
Diadophis punctatus,Animalia,Chordata,Squamata,Reptilia,,Colubridae,Diadophis
Pantherophis alleghaniensis,Animalia,Chordata,Squamata,Reptilia,,Colubridae,Pantherophis
Galeocerdo cuvier,Animalia,Chordata,Elasmobranchii,Chondrichthyes,Carcharhiniformes,Carcharhinidae,Galeocerdo
Masticophis lateralis,Animalia,Chordata,Squamata,Reptilia,,Colubridae,Masticophis
Crotalus oreganus,Animalia,Chordata,Squamata,Reptilia,,Viperidae,Crotalus
Duberria variegata,Animalia,Chordata,Squamata,Reptilia,,Pseudoxyrhophiidae,Duberria
Pantherophis vulpinus,Animalia,Chordata,Squamata,Reptilia,,Colubridae,Pantherophis
Hierophis viridiflavus,Animalia,Chordata,Squamata,Reptilia,,Colubridae,Hierophis
Anguis veronensis,Animalia,Chordata,Squamata,Reptilia,,Anguidae,Anguis
Chelydra serpentina,Animalia,Chordata,Testudines,Reptilia,,Chelydridae,Chelydra
Phelsuma laticauda,Animalia,Chordata,Squamata,Reptilia,,Gekkonidae,Phelsuma
Thamnophis sirtalis,Animalia,Chordata,Squamata,Reptilia,,Colubridae,Thamnophis
Lampropeltis californiae,Animalia,Chordata,Squamata,Reptilia,,Colubridae,Lampropeltis
Thamnophis couchii,Animalia,Chordata,Squamata,Reptilia,,Colubridae,Thamnophis
Pantherophis spiloides,Animalia,Chordata,Squamata,Reptilia,,Colubridae,Pantherophis
Phrynosoma cornutum,Animalia,Chordata,Squamata,Reptilia,,Phrynosomatidae,Phrynosoma
Oligodon taeniatus,Animalia,Chordata,Squamata,Reptilia,,Colubridae,Oligodon
Ctenosaura pectinata,Animalia,Chordata,Squamata,Reptilia,,Iguanidae,Ctenosaura
Thamnophis ordinoides,Animalia,Chordata,Squamata,Reptilia,,Colubridae,Thamnophis
Lycodon flavozonatus,Animalia,Chordata,Squamata,Reptilia,,Colubridae,Lycodon
Coluber constrictor,Animalia,Chordata,Squamata,Reptilia,,Colubridae,Coluber
Sceloporus occidentalis,Animalia,Chordata,Squamata,Reptilia,,Phrynosomatidae,Sceloporus
Carphophis amoenus,Animalia,Chordata,Squamata,Reptilia,,Colubridae,Carphophis
Natrix maura,Animalia,Chordata,Squamata,Reptilia,,Colubridae,Natrix
Varanus niloticus,Animalia,Chordata,Squamata,Reptilia,,Varanidae,Varanus
Thamnophis elegans,Animalia,Chordata,Squamata,Reptilia,,Colubridae,Thamnophis
Pseudalsophis steindachneri,Animalia,Chordata,Squamata,Reptilia,,Colubridae,Pseudalsophis
Thamnophis proximus,Animalia,Chordata,Squamata,Reptilia,,Colubridae,Thamnophis
Opheodrys aestivus,Animalia,Chordata,Squamata,Reptilia,,Colubridae,Opheodrys
Varanus salvator,Animalia,Chordata,Squamata,Reptilia,,Varanidae,Varanus
Anolis carolinensis,Animalia,Chordata,Squamata,Reptilia,,Dactyloidae,Anolis
Trachemys scripta,Animalia,Chordata,Testudines,Reptilia,,Emydidae,Trachemys
Storeria dekayi,Animalia,Chordata,Squamata,Reptilia,,Colubridae,Storeria
Ptyas mucosa,Animalia,Chordata,Squamata,Reptilia,,Colubridae,Ptyas
Pholidoscelis exsul,Animalia,Chordata,Squamata,Reptilia,,Teiidae,Pholidoscelis
Uta stansburiana,Animalia,Chordata,Squamata,Reptilia,,Phrynosomatidae,Uta
Sphenomorphus maculatus,Animalia,Chordata,Squamata,Reptilia,,Scincidae,Sphenomorphus
Lycodon rufozonatus,Animalia,Chordata,Squamata,Reptilia,,Colubridae,Lycodon
Crocodylus niloticus,Animalia,Chordata,Crocodylia,Reptilia,,Crocodylidae,Crocodylus
Xenochrophis trianguligerus,Animalia,Chordata,Squamata,Reptilia,,Colubridae,Xenochrophis
Terrapene carolina,Animalia,Chordata,Testudines,Reptilia,,Emydidae,Terrapene
Farancia abacura,Animalia,Chordata,Squamata,Reptilia,,Colubridae,Farancia
Crocodylus acutus,Animalia,Chordata,Crocodylia,Reptilia,,Crocodylidae,Crocodylus
Pituophis catenifer,Animalia,Chordata,Squamata,Reptilia,,Colubridae,Pituophis
Hemidactylus frenatus,Animalia,Chordata,Squamata,Reptilia,,Gekkonidae,Hemidactylus
Ophisaurus ventralis,Animalia,Chordata,Squamata,Reptilia,,Anguidae,Ophisaurus
Malpolon monspessulanus,Animalia,Chordata,Squamata,Reptilia,,Psammophiidae,Malpolon
Zamenis scalaris,Animalia,Chordata,Squamata,Reptilia,,Colubridae,Zamenis
Chrysopelea ornata,Animalia,Chordata,Squamata,Reptilia,,Colubridae,Chrysopelea
Cyrtophora moluccensis,Chromista,Ochrophyta,Dictyochophyceae,Arachnida,Pedinellales,Cyrtophoraceae,Cyrtophora
Boa constrictor,Animalia,Chordata,Squamata,Reptilia,,Boidae,Boa
Trimeresurus vogeli,Animalia,Chordata,Squamata,Reptilia,,Viperidae,Trimeresurus
Cubophis caymanus,Animalia,Chordata,Squamata,Reptilia,,Colubridae,Cubophis
Entomobrya multifasciata,Animalia,Arthropoda,Collembola,Entognatha,Entomobryomorpha,Entomobryidae,Entomobrya
Pseudechis australis,Animalia,Chordata,Squamata,Reptilia,,Elapidae,Pseudechis
Ophisaurus attenuatus,Animalia,Chordata,Squamata,Reptilia,,Anguidae,Ophisaurus
Bitis arietans,Animalia,Chordata,Squamata,Reptilia,,Viperidae,Bitis
Nerodia rhombifer,Animalia,Chordata,Squamata,Reptilia,,Colubridae,Nerodia
Kinosternon baurii,Animalia,Chordata,Testudines,Reptilia,,Kinosternidae,Kinosternon
Tarentola angustimentalis,Animalia,Chordata,Squamata,Reptilia,,Phyllodactylidae,Tarentola
Chalcides ocellatus,Animalia,Chordata,Squamata,Reptilia,,Scincidae,Chalcides
Natrix natrix,Animalia,Chordata,Squamata,Reptilia,,Colubridae,Natrix
Nerodia sipedon,Animalia,Chordata,Squamata,Reptilia,,Colubridae,Nerodia
Trachylepis striata,Animalia,Chordata,Squamata,Reptilia,,Scincidae,Trachylepis
Acanthocercus atricollis,Animalia,Chordata,Squamata,Reptilia,,Agamidae,Acanthocercus
Crocodylus palustris,Animalia,Chordata,Crocodylia,Reptilia,,Crocodylidae,Crocodylus
Melanosuchus niger,Animalia,Chordata,Crocodylia,Reptilia,,Alligatoridae,Melanosuchus
Tarentola mauritanica,Animalia,Chordata,Squamata,Reptilia,,Phyllodactylidae,Tarentola
Eunectes murinus,Animalia,Chordata,Squamata,Reptilia,,Boidae,Eunectes
Gekko gecko,Animalia,Chordata,Squamata,Reptilia,,Gekkonidae,Gekko
Caiman crocodilus,Animalia,Chordata,Crocodylia,Reptilia,,Alligatoridae,Caiman
Xenodon severus,Animalia,Chordata,Squamata,Reptilia,,Colubridae,Xenodon
Arizona elegans,Animalia,Chordata,Squamata,Reptilia,,Colubridae,Arizona
Boiga irregularis,Animalia,Chordata,Squamata,Reptilia,,Colubridae,Boiga
Leiocephalus carinatus,Animalia,Chordata,Squamata,Reptilia,,Leiocephalidae,Leiocephalus
Podarcis muralis,Animalia,Chordata,Squamata,Reptilia,,Lacertidae,Podarcis
Chrysemys picta,Animalia,Chordata,Testudines,Reptilia,,Emydidae,Chrysemys
Austrelaps superbus,Animalia,Chordata,Squamata,Reptilia,,Elapidae,Austrelaps
Hemidactylus turcicus,Animalia,Chordata,Squamata,Reptilia,,Gekkonidae,Hemidactylus
Eutropis longicaudata,Animalia,Chordata,Squamata,Reptilia,,Scincidae,Eutropis
Hierophis gemonensis,Animalia,Chordata,Squamata,Reptilia,,Colubridae,Hierophis
Naja nivea,Animalia,Chordata,Squamata,Reptilia,,Elapidae,Naja
Dendrelaphis pictus,Animalia,Chordata,Squamata,Reptilia,,Colubridae,Dendrelaphis
Philodryas nattereri,Animalia,Chordata,Squamata,Reptilia,,Colubridae,Philodryas
Cerberus schneiderii,Animalia,Chordata,Squamata,Reptilia,,Homalopsidae,Cerberus
Palusophis bifossatus,Animalia,Chordata,Squamata,Reptilia,,Colubridae,Palusophis
Trachylepis wahlbergii,Animalia,Chordata,Squamata,Reptilia,,Scincidae,Trachylepis
Chrysopelea paradisi,Animalia,Chordata,Squamata,Reptilia,,Colubridae,Chrysopelea
Oreocryptophis porphyraceus,Animalia,Chordata,Squamata,Reptilia,,Colubridae,Oreocryptophis
Xenopeltis unicolor,Animalia,Chordata,Squamata,Reptilia,,Xenopeltidae,Xenopeltis
Calotes versicolor,Animalia,Chordata,Squamata,Reptilia,,Agamidae,Calotes
Ahaetulla prasina,Animalia,Chordata,Squamata,Reptilia,,Colubridae,Ahaetulla
Anolis roquet,Animalia,Chordata,Squamata,Reptilia,,Dactyloidae,Anolis
Rhabdophis helleri,Animalia,Chordata,Squamata,Reptilia,,Colubridae,Rhabdophis
Bradypodion damaranum,Animalia,Chordata,Squamata,Reptilia,,Chamaeleonidae,Bradypodion
Dispholidus typus,Animalia,Chordata,Squamata,Reptilia,,Colubridae,Dispholidus
Dendroaspis polylepis,Animalia,Chordata,Squamata,Reptilia,,Elapidae,Dendroaspis
Elgaria multicarinata,Animalia,Chordata,Squamata,Reptilia,,Anguidae,Elgaria
Lampropholis delicata,Animalia,Chordata,Squamata,Reptilia,,Scincidae,Lampropholis
Natrix tessellata,Animalia,Chordata,Squamata,Reptilia,,Colubridae,Natrix
Calotes emma,Animalia,Chordata,Squamata,Reptilia,,Agamidae,Calotes
Pollicipes polymerus,Animalia,Arthropoda,Maxillopoda,Hexanauplia,Pedunculata,Pollicipedidae,Pollicipes
Agkistrodon piscivorus,Animalia,Chordata,Squamata,Reptilia,,Viperidae,Agkistrodon
Phrynosoma orbiculare,Animalia,Chordata,Squamata,Reptilia,,Phrynosomatidae,Phrynosoma
Crocodylus porosus,Animalia,Chordata,Crocodylia,Reptilia,,Crocodylidae,Crocodylus
Drymarchon melanurus,Animalia,Chordata,Squamata,Reptilia,,Colubridae,Drymarchon
Indotyphlops braminus,Animalia,Chordata,Squamata,Reptilia,,Typhlopidae,Indotyphlops
Lycodonomorphus rufulus,Animalia,Chordata,Squamata,Reptilia,,Lamprophiidae,Lycodonomorphus
Hemiergis decresiensis,Animalia,Chordata,Squamata,Reptilia,,Scincidae,Hemiergis
Pseudechis porphyriacus,Animalia,Chordata,Squamata,Reptilia,,Elapidae,Pseudechis
Pantherophis guttatus,Animalia,Chordata,Squamata,Reptilia,,Colubridae,Pantherophis
Triakis semifasciata,Animalia,Chordata,Elasmobranchii,Chondrichthyes,Carcharhiniformes,Triakidae,Triakis
Lampropeltis getula,Animalia,Chordata,Squamata,Reptilia,,Colubridae,Lampropeltis
Psammophis brevirostris,Animalia,Chordata,Squamata,Reptilia,,Psammophiidae,Psammophis
Psammophis subtaeniatus,Animalia,Chordata,Squamata,Reptilia,,Psammophiidae,Psammophis
Psammophis mossambicus,Animalia,Chordata,Squamata,Reptilia,,Psammophiidae,Psammophis
Chamaeleo namaquensis,Animalia,Chordata,Squamata,Reptilia,,Chamaeleonidae,Chamaeleo
Ceratophora stoddartii,Animalia,Chordata,Squamata,Reptilia,,Agamidae,Ceratophora
Hemiphyllodactylus khlonglanensis,Animalia,Chordata,Squamata,Reptilia,,Gekkonidae,Hemiphyllodactylus
Heosemys annandalii,Animalia,Chordata,Testudines,Reptilia,,Geoemydidae,Heosemys
Malayemys macrocephala,Animalia,Chordata,Testudines,Reptilia,,Geoemydidae,Malayemys
Rhabdophis nigrocinctus,Animalia,Chordata,Squamata,Reptilia,,Colubridae,Rhabdophis
Myliobatis californica,Animalia,Chordata,Elasmobranchii,Chondrichthyes,Myliobatiformes,Myliobatidae,Myliobatis
Naja subfulva,Animalia,Chordata,Squamata,Reptilia,,Elapidae,Naja
Python natalensis,Animalia,Chordata,Squamata,Reptilia,,Pythonidae,Python
Tetradactylus seps,Animalia,Chordata,Squamata,Reptilia,,Gerrhosauridae,Tetradactylus
Pseudaspis cana,Animalia,Chordata,Squamata,Reptilia,,Pseudaspididae,Pseudaspis
Philothamnus hoplogaster,Animalia,Chordata,Squamata,Reptilia,,Colubridae,Philothamnus
Squalus acanthias,Animalia,Chordata,Elasmobranchii,Chondrichthyes,Squaliformes,Squalidae,Squalus
Duberria lutrix,Animalia,Chordata,Squamata,Reptilia,,Pseudoxyrhophiidae,Duberria
Anilius scytale,Animalia,Chordata,Squamata,Reptilia,,Aniliidae,Anilius
Boaedon capensis,Animalia,Chordata,Squamata,Reptilia,,Lamprophiidae,Boaedon
Naja atra,Animalia,Chordata,Squamata,Reptilia,,Elapidae,Naja
Trachylepis depressa,Animalia,Chordata,Squamata,Reptilia,,Scincidae,Trachylepis
Notechis scutatus,Animalia,Chordata,Squamata,Reptilia,,Elapidae,Notechis
Philothamnus angolensis,Animalia,Chordata,Squamata,Reptilia,,Colubridae,Philothamnus
Leiolepis belliana,Animalia,Chordata,Squamata,Reptilia,,Agamidae,Leiolepis
Hemidactylus bowringii,Animalia,Chordata,Squamata,Reptilia,,Gekkonidae,Hemidactylus
Agkistrodon contortrix,Animalia,Chordata,Squamata,Reptilia,,Viperidae,Agkistrodon
Anolis equestris,Animalia,Chordata,Squamata,Reptilia,,Dactyloidae,Anolis
Regina grahamii,Animalia,Chordata,Squamata,Reptilia,,Colubridae,Regina
